{
  "type": "FeatureCollection",
  "features": [
    {
      "type": "Feature",
      "properties": {
        "shapeName": "Amirabad",
        "shapeISO": "",
        "shapeID": "29066614B9392721523995",
        "shapeGroup": "BGD",
        "shapeType": "ADM4"
      },
      "geometry": {
        "type": "Polygon",
        "coordinates": [
          [
            [
              91.42840040300007,
              22.913746795000066
            ],
            [
              91.42640303400003,
              22.916316752000057
            ],
            [
              91.42541038300004,
              22.913228935000063
            ],
            [
              91.42270966900008,
              22.91438944600003
            ],
            [
              91.41916066200008,
              22.913617377000037
            ],
            [
              91.41979574700008,
              22.90930133300003
            ],
            [
              91.41775740100007,
              22.910637036000026
            ],
            [
              91.41638470700008,
              22.906135129000063
            ],
            [
              91.41737439600007,
              22.900991221000027
            ],
            [
              91.41444717800005,
              22.89850874800004
            ],
            [
              91.41044606100007,
              22.893506305000074
            ],
            [
              91.41285705700005,
              22.893696008000063
            ],
            [
              91.41625928700006,
              22.89118144500003
            ],
            [
              91.41478060500003,
              22.886477798000044
            ],
            [
              91.42075699400004,
              22.88417842800004
            ],
            [
              91.42245433500005,
              22.881026430000077
            ],
            [
              91.42643831700008,
              22.881821090000074
            ],
            [
              91.42896817800005,
              22.875575542000036
            ],
            [
              91.41994010600007,
              22.871064340000032
            ],
            [
              91.41720100100008,
              22.872326116000067
            ],
            [
              91.41329195700007,
              22.869440824000037
            ],
            [
              91.41619451000008,
              22.867083128000047
            ],
            [
              91.42100954500006,
              22.858155794000027
            ],
            [
              91.42505600100009,
              22.862494911000056
            ],
            [
              91.42933449900005,
              22.85952687200006
            ],
            [
              91.43100616300006,
              22.856294868000077
            ],
            [
              91.43979106700004,
              22.859238420000054
            ],
            [
              91.44249423600007,
              22.858945810000023
            ],
            [
              91.44375966500007,
              22.856554489000075
            ],
            [
              91.44625927900006,
              22.85798363200007
            ],
            [
              91.44656062700005,
              22.85981036900006
            ],
            [
              91.45468345800003,
              22.860934701000076
            ],
            [
              91.45905555000007,
              22.860012393000034
            ],
            [
              91.45964964600006,
              22.85683910100005
            ],
            [
              91.46340610400006,
              22.85765357400004
            ],
            [
              91.46432945800007,
              22.853670606000037
            ],
            [
              91.46533278100009,
              22.85488007400005
            ],
            [
              91.46625605000008,
              22.86128626900006
            ],
            [
              91.47408791000004,
              22.872174846000064
            ],
            [
              91.47430284100005,
              22.876510262000068
            ],
            [
              91.47211640500007,
              22.878647855000054
            ],
            [
              91.46241159600004,
              22.877524911000023
            ],
            [
              91.46114001900008,
              22.890879083000073
            ],
            [
              91.46540453300008,
              22.895853475000024
            ],
            [
              91.46010157000006,
              22.898877626000058
            ],
            [
              91.45870767100007,
              22.90196624600003
            ],
            [
              91.47358263300004,
              22.901770284000065
            ],
            [
              91.47472061900004,
              22.902487329000053
            ],
            [
              91.46867515300005,
              22.904009259000077
            ],
            [
              91.46814553000007,
              22.90852315500007
            ],
            [
              91.46520039100005,
              22.905207542000028
            ],
            [
              91.45742665300008,
              22.905132280000032
            ],
            [
              91.45623503500008,
              22.907203537000044
            ],
            [
              91.45160384100006,
              22.90602327000005
            ],
            [
              91.44244758200006,
              22.89570166900006
            ],
            [
              91.43936500500007,
              22.895847593000042
            ],
            [
              91.43777464400006,
              22.907159440000044
            ],
            [
              91.43600123700008,
              22.90823161800006
            ],
            [
              91.43094332200008,
              22.906847999000036
            ],
            [
              91.42840040300007,
              22.913746795000066
            ]
          ]
        ]
      }
    },
    {
      "type": "Feature",
      "properties": {
        "shapeName": "Amjadhat",
        "shapeISO": "",
        "shapeID": "29066614B92984883687235",
        "shapeGroup": "BGD",
        "shapeType": "ADM4"
      },
      "geometry": {
        "type": "Polygon",
        "coordinates": [
          [
            [
              91.49088656900005,
              23.157762208000065
            ],
            [
              91.48589452500005,
              23.153664116000073
            ],
            [
              91.48500067600008,
              23.147056031000034
            ],
            [
              91.48124460400004,
              23.14269428800003
            ],
            [
              91.48126934900006,
              23.139502633000063
            ],
            [
              91.48311473900009,
              23.13791892100005
            ],
            [
              91.48223297000004,
              23.135215579000032
            ],
            [
              91.47896870500006,
              23.135978899000065
            ],
            [
              91.47527247800008,
              23.13101471400006
            ],
            [
              91.46098509800004,
              23.129180047000034
            ],
            [
              91.46059790800007,
              23.125944208000078
            ],
            [
              91.45642552900006,
              23.123479984000028
            ],
            [
              91.45915467900005,
              23.120765110000036
            ],
            [
              91.45820869000005,
              23.11759708200003
            ],
            [
              91.46294855600007,
              23.115903846000037
            ],
            [
              91.46497349100008,
              23.11265296600004
            ],
            [
              91.46304298200005,
              23.110089609000056
            ],
            [
              91.46312821800007,
              23.105454045000045
            ],
            [
              91.46738870500008,
              23.103097382000044
            ],
            [
              91.46783464700007,
              23.09618087100006
            ],
            [
              91.47170567600006,
              23.096306264000077
            ],
            [
              91.47286163300004,
              23.09767727600007
            ],
            [
              91.48785544800006,
              23.098409307000054
            ],
            [
              91.49141586700006,
              23.107311586000037
            ],
            [
              91.49750035700004,
              23.104568292000067
            ],
            [
              91.49965555900008,
              23.106270536000068
            ],
            [
              91.51168667700006,
              23.10853326800003
            ],
            [
              91.51223685900004,
              23.113367683000035
            ],
            [
              91.52033061800006,
              23.114592732000062
            ],
            [
              91.51917284100006,
              23.11788975500008
            ],
            [
              91.51534288000005,
              23.117796958000042
            ],
            [
              91.51418711900004,
              23.122692407000045
            ],
            [
              91.51757816000008,
              23.125573092000025
            ],
            [
              91.50374849000008,
              23.127394346000074
            ],
            [
              91.50308298200008,
              23.130635186000063
            ],
            [
              91.51480401700007,
              23.138702312000078
            ],
            [
              91.51526264000006,
              23.14512191800003
            ],
            [
              91.50975583800005,
              23.14333246700005
            ],
            [
              91.50996521900004,
              23.140525394000065
            ],
            [
              91.50813382700005,
              23.13981018000004
            ],
            [
              91.50444941500007,
              23.140459582000062
            ],
            [
              91.50157614300008,
              23.143206124000073
            ],
            [
              91.49867082300005,
              23.142630448000034
            ],
            [
              91.49892505500009,
              23.143919315000062
            ],
            [
              91.49468058100007,
              23.14722226600003
            ],
            [
              91.50716144900008,
              23.15440475400004
            ],
            [
              91.49428299300007,
              23.152362219000054
            ],
            [
              91.49088656900005,
              23.157762208000065
            ]
          ]
        ]
      }
    },
    {
      "type": "Feature",
      "properties": {
        "shapeName": "Anandapur",
        "shapeISO": "",
        "shapeID": "29066614B26832859123283",
        "shapeGroup": "BGD",
        "shapeType": "ADM4"
      },
      "geometry": {
        "type": "Polygon",
        "coordinates": [
          [
            [
              91.44451916100007,
              23.087868034000053
            ],
            [
              91.43411977900007,
              23.089796211000078
            ],
            [
              91.42969970600006,
              23.088508672000046
            ],
            [
              91.42324186300004,
              23.089190184000074
            ],
            [
              91.42139983800007,
              23.091451665000022
            ],
            [
              91.42306282000004,
              23.09646383000006
            ],
            [
              91.41468822300004,
              23.097110345000033
            ],
            [
              91.41518983000003,
              23.091638406000072
            ],
            [
              91.41664259700008,
              23.090240736000055
            ],
            [
              91.41635848800007,
              23.083056102000057
            ],
            [
              91.41752591300008,
              23.08252157900006
            ],
            [
              91.41610836700005,
              23.076785277000056
            ],
            [
              91.41349679800004,
              23.076020134000032
            ],
            [
              91.41312790600006,
              23.06965981700006
            ],
            [
              91.41079684000005,
              23.066180083000063
            ],
            [
              91.41716999600004,
              23.065157063000072
            ],
            [
              91.41657242200006,
              23.064093273000026
            ],
            [
              91.42233756600007,
              23.06302449700007
            ],
            [
              91.42326659300005,
              23.058670849000066
            ],
            [
              91.43335530400003,
              23.051054758000078
            ],
            [
              91.43282613800005,
              23.04647042600004
            ],
            [
              91.43002024800006,
              23.044089495000037
            ],
            [
              91.43585212400006,
              23.044000522000033
            ],
            [
              91.44131898600006,
              23.045836112000075
            ],
            [
              91.43874050600004,
              23.05551311200003
            ],
            [
              91.44376819400009,
              23.063020954000024
            ],
            [
              91.44892608300006,
              23.062923510000076
            ],
            [
              91.45229747000008,
              23.065748188000043
            ],
            [
              91.44783440100008,
              23.067849439000042
            ],
            [
              91.44692336300005,
              23.075296862000073
            ],
            [
              91.44030266200008,
              23.076484038000046
            ],
            [
              91.43458876100004,
              23.080118138000046
            ],
            [
              91.43482088400003,
              23.083134228000063
            ],
            [
              91.44137611700006,
              23.086413908000054
            ],
            [
              91.44471354300003,
              23.085618560000057
            ],
            [
              91.44451916100007,
              23.087868034000053
            ]
          ]
        ]
      }
    },
    {
      "type": "Feature",
      "properties": {
        "shapeName": "Bagadana",
        "shapeISO": "",
        "shapeID": "29066614B50749147089307",
        "shapeGroup": "BGD",
        "shapeType": "ADM4"
      },
      "geometry": {
        "type": "Polygon",
        "coordinates": [
          [
            [
              91.39511608700008,
              22.91926863300006
            ],
            [
              91.39566511100008,
              22.923608638000076
            ],
            [
              91.39057520000006,
              22.929619890000026
            ],
            [
              91.39143115800005,
              22.932991386000026
            ],
            [
              91.38309917700008,
              22.93122624500006
            ],
            [
              91.38120847900007,
              22.93246651100003
            ],
            [
              91.37413504000006,
              22.93226315900006
            ],
            [
              91.37250987700008,
              22.93101559300004
            ],
            [
              91.36737458600004,
              22.93185019300006
            ],
            [
              91.36399010300005,
              22.93060921400007
            ],
            [
              91.35977415600007,
              22.923848374000045
            ],
            [
              91.35241313000006,
              22.921641991000058
            ],
            [
              91.35154198000004,
              22.91325373500007
            ],
            [
              91.34828986300005,
              22.912273756000047
            ],
            [
              91.34603905400007,
              22.904699294000068
            ],
            [
              91.35085746900006,
              22.902040851000038
            ],
            [
              91.35286528500006,
              22.89695519600008
            ],
            [
              91.35746208300009,
              22.892516916000034
            ],
            [
              91.36267437500004,
              22.892394417000048
            ],
            [
              91.36396029200006,
              22.897549604000062
            ],
            [
              91.36567092700005,
              22.897524186000055
            ],
            [
              91.36518242300008,
              22.899304270000073
            ],
            [
              91.37021332300009,
              22.89972159200005
            ],
            [
              91.36925522600006,
              22.903335243000072
            ],
            [
              91.37090509800004,
              22.90835004400003
            ],
            [
              91.37843481000004,
              22.909688766000045
            ],
            [
              91.37943192400007,
              22.91163831500006
            ],
            [
              91.38341981900004,
              22.912748976000046
            ],
            [
              91.38605325300006,
              22.917103601000065
            ],
            [
              91.39511608700008,
              22.91926863300006
            ]
          ]
        ]
      }
    },
    {
      "type": "Feature",
      "properties": {
        "shapeName": "Baksh Mohammad",
        "shapeISO": "",
        "shapeID": "29066614B33548757498908",
        "shapeGroup": "BGD",
        "shapeType": "ADM4"
      },
      "geometry": {
        "type": "Polygon",
        "coordinates": [
          [
            [
              91.49088656900005,
              23.157762208000065
            ],
            [
              91.49476863100006,
              23.162107699000046
            ],
            [
              91.49816772700007,
              23.17178403500003
            ],
            [
              91.49228462200006,
              23.172093163000056
            ],
            [
              91.49166661800007,
              23.177711508000073
            ],
            [
              91.49729605000005,
              23.17993530700005
            ],
            [
              91.50666872900007,
              23.180083436000075
            ],
            [
              91.50747077300008,
              23.183837228000073
            ],
            [
              91.50102994800005,
              23.185418171000038
            ],
            [
              91.50421046600007,
              23.189444123000044
            ],
            [
              91.50314409900005,
              23.19223030300003
            ],
            [
              91.49213214000008,
              23.18895740100004
            ],
            [
              91.48843837500004,
              23.192291158000046
            ],
            [
              91.48487143300008,
              23.18833873400007
            ],
            [
              91.47672627600008,
              23.193018790000053
            ],
            [
              91.47046368500008,
              23.19166735600004
            ],
            [
              91.46738924500005,
              23.189253670000028
            ],
            [
              91.45937032400008,
              23.190034370000035
            ],
            [
              91.45828354000008,
              23.18328284100005
            ],
            [
              91.45545675300008,
              23.183970547000058
            ],
            [
              91.45403751200007,
              23.186824569000066
            ],
            [
              91.45554407500003,
              23.189331500000037
            ],
            [
              91.45150122500007,
              23.19011110100007
            ],
            [
              91.45174496500005,
              23.191987926000024
            ],
            [
              91.44509818000006,
              23.19144175100007
            ],
            [
              91.44203945300006,
              23.187947033000057
            ],
            [
              91.43842154700008,
              23.18079233000003
            ],
            [
              91.44087098200004,
              23.17838791500003
            ],
            [
              91.44073281400006,
              23.175690503000055
            ],
            [
              91.44310956000004,
              23.17380715200005
            ],
            [
              91.44373264300003,
              23.165415280000047
            ],
            [
              91.44593642200005,
              23.162225629000034
            ],
            [
              91.44029391400005,
              23.156864722000023
            ],
            [
              91.44062838600007,
              23.153720445000033
            ],
            [
              91.44447770900007,
              23.14916105700007
            ],
            [
              91.45257002400007,
              23.14628526300004
            ],
            [
              91.45380127100003,
              23.143180677000032
            ],
            [
              91.45062895500007,
              23.140159006000033
            ],
            [
              91.45268348900004,
              23.13919969500006
            ],
            [
              91.45597411900008,
              23.140062873000034
            ],
            [
              91.45908632500004,
              23.13836668700003
            ],
            [
              91.46146115800008,
              23.13470054900006
            ],
            [
              91.46016174400006,
              23.132164061000026
            ],
            [
              91.46177133300006,
              23.13020741100007
            ],
            [
              91.46098509800004,
              23.129180047000034
            ],
            [
              91.47527247800008,
              23.13101471400006
            ],
            [
              91.47896870500006,
              23.135978899000065
            ],
            [
              91.48223297000004,
              23.135215579000032
            ],
            [
              91.48311473900009,
              23.13791892100005
            ],
            [
              91.48126934900006,
              23.139502633000063
            ],
            [
              91.48124460400004,
              23.14269428800003
            ],
            [
              91.48500067600008,
              23.147056031000034
            ],
            [
              91.48589452500005,
              23.153664116000073
            ],
            [
              91.49088656900005,
              23.157762208000065
            ]
          ]
        ]
      }
    },
    {
      "type": "Feature",
      "properties": {
        "shapeName": "Baligaon",
        "shapeISO": "",
        "shapeID": "29066614B21210063848702",
        "shapeGroup": "BGD",
        "shapeType": "ADM4"
      },
      "geometry": {
        "type": "Polygon",
        "coordinates": [
          [
            [
              91.40035345300004,
              22.981009451000034
            ],
            [
              91.39569627100008,
              22.98124697700007
            ],
            [
              91.39511734600006,
              22.977827941000044
            ],
            [
              91.39210181000004,
              22.97804355900007
            ],
            [
              91.39223078700007,
              22.98045670500005
            ],
            [
              91.38973190200005,
              22.981837343000052
            ],
            [
              91.39035889800004,
              22.983590200000037
            ],
            [
              91.38681525900006,
              22.98577756800006
            ],
            [
              91.38586485500008,
              22.990745409000056
            ],
            [
              91.38150020700004,
              22.99238609300005
            ],
            [
              91.37620661000005,
              22.99141723100007
            ],
            [
              91.37292515800004,
              22.996542979000026
            ],
            [
              91.37205385400006,
              23.002273812000055
            ],
            [
              91.36905794800003,
              23.001411810000036
            ],
            [
              91.36556837800003,
              22.997963595000044
            ],
            [
              91.36355683700003,
              22.99523132400003
            ],
            [
              91.36391819200009,
              22.99223588600006
            ],
            [
              91.36658505700007,
              22.99053695200007
            ],
            [
              91.36518083000004,
              22.988225078000028
            ],
            [
              91.36644606400006,
              22.986297184000023
            ],
            [
              91.36591565900005,
              22.98096399700006
            ],
            [
              91.36187156200003,
              22.97516654100008
            ],
            [
              91.36767199500008,
              22.971201333000067
            ],
            [
              91.36848666000003,
              22.967892067000037
            ],
            [
              91.36634413100006,
              22.965974362000054
            ],
            [
              91.35864988600008,
              22.970558631000074
            ],
            [
              91.35573500200007,
              22.970406901000047
            ],
            [
              91.35493546700008,
              22.967010445000028
            ],
            [
              91.35804295300005,
              22.962344907000045
            ],
            [
              91.35569761400006,
              22.958464933000073
            ],
            [
              91.35416583300008,
              22.953082644000062
            ],
            [
              91.35498464500006,
              22.948818283000037
            ],
            [
              91.35941899800008,
              22.942907982000065
            ],
            [
              91.36601980400008,
              22.942845650000038
            ],
            [
              91.36444145400009,
              22.949981923000053
            ],
            [
              91.36700854000009,
              22.952324456000042
            ],
            [
              91.36671153000003,
              22.958435317000067
            ],
            [
              91.36792365900004,
              22.959739553000077
            ],
            [
              91.37139239900006,
              22.957109012000046
            ],
            [
              91.37787749200004,
              22.95735254500005
            ],
            [
              91.38238739900004,
              22.955593883000063
            ],
            [
              91.38397452500004,
              22.943655896000053
            ],
            [
              91.38680574200004,
              22.942650668000056
            ],
            [
              91.38950735400005,
              22.943760515000065
            ],
            [
              91.39389713400004,
              22.94925562900005
            ],
            [
              91.38792442400006,
              22.95205928300004
            ],
            [
              91.38973324400007,
              22.953823260000036
            ],
            [
              91.39481077700003,
              22.954960714000038
            ],
            [
              91.39722033700008,
              22.95923689800003
            ],
            [
              91.39711545500006,
              22.968843581000044
            ],
            [
              91.40478852000007,
              22.969137041000067
            ],
            [
              91.40661894200008,
              22.96905702600003
            ],
            [
              91.40678181100003,
              22.972247706000076
            ],
            [
              91.40308713200005,
              22.973213533000035
            ],
            [
              91.40262889500008,
              22.978843746000052
            ],
            [
              91.40010552800004,
              22.979668747000062
            ],
            [
              91.40035345300004,
              22.981009451000034
            ]
          ]
        ]
      }
    },
    {
      "type": "Feature",
      "properties": {
        "shapeName": "Char Chandia",
        "shapeISO": "",
        "shapeID": "29066614B27079509794218",
        "shapeGroup": "BGD",
        "shapeType": "ADM4"
      },
      "geometry": {
        "type": "MultiPolygon",
        "coordinates": [
          [
            [
              [
                91.37947474000003,
                22.779363851000028
              ],
              [
                91.39166981900007,
                22.775140818000068
              ],
              [
                91.39469994200005,
                22.776619867000022
              ],
              [
                91.39241210400007,
                22.779722546000073
              ],
              [
                91.38818276700005,
                22.781981810000048
              ],
              [
                91.38155888500006,
                22.784476795000046
              ],
              [
                91.37704081100009,
                22.78450880200006
              ],
              [
                91.37947474000003,
                22.779363851000028
              ]
            ]
          ],
          [
            [
              [
                91.40094797200004,
                22.798120521000044
              ],
              [
                91.39715521500005,
                22.802094510000074
              ],
              [
                91.39009535500008,
                22.804662848000078
              ],
              [
                91.38612707000004,
                22.80463671900003
              ],
              [
                91.38051718700007,
                22.812700638000024
              ],
              [
                91.37327917500005,
                22.816597777000027
              ],
              [
                91.36626074400004,
                22.806471784000053
              ],
              [
                91.36403689600007,
                22.80541179200003
              ],
              [
                91.36239332600007,
                22.796510182000077
              ],
              [
                91.36568987600003,
                22.797333527000035
              ],
              [
                91.36690308000004,
                22.801523831000054
              ],
              [
                91.36842462000004,
                22.801462233000052
              ],
              [
                91.37327377000008,
                22.796922360000053
              ],
              [
                91.37681652000003,
                22.785332362000077
              ],
              [
                91.38199666800006,
                22.785691748000033
              ],
              [
                91.39262823000007,
                22.78194306900008
              ],
              [
                91.40718534100006,
                22.765401062000024
              ],
              [
                91.41385384900008,
                22.763298966000036
              ],
              [
                91.41184613800004,
                22.77717977700007
              ],
              [
                91.40198378700006,
                22.78223906000005
              ],
              [
                91.39673324700004,
                22.789722296000036
              ],
              [
                91.39699768400004,
                22.791536233000045
              ],
              [
                91.39925773500005,
                22.79256411600005
              ],
              [
                91.40094797200004,
                22.798120521000044
              ]
            ]
          ]
        ]
      }
    },
    {
      "type": "Feature",
      "properties": {
        "shapeName": "Char Darbesh",
        "shapeISO": "",
        "shapeID": "29066614B72747471294347",
        "shapeGroup": "BGD",
        "shapeType": "ADM4"
      },
      "geometry": {
        "type": "MultiPolygon",
        "coordinates": [
          [
            [
              [
                91.33109687100006,
                22.817499603000044
              ],
              [
                91.31666954300005,
                22.821774769000058
              ],
              [
                91.31248864600008,
                22.819512017000022
              ],
              [
                91.31135318800006,
                22.816103011000052
              ],
              [
                91.31345053200005,
                22.80900798700003
              ],
              [
                91.32310062000005,
                22.80316178100003
              ],
              [
                91.32813912200004,
                22.797511556000075
              ],
              [
                91.32811281600004,
                22.806294867000076
              ],
              [
                91.33109687100006,
                22.817499603000044
              ]
            ]
          ],
          [
            [
              [
                91.32977483200006,
                22.847077463000062
              ],
              [
                91.32286954500006,
                22.84390492400007
              ],
              [
                91.32269821800008,
                22.842185751000045
              ],
              [
                91.32571390800007,
                22.84208897700006
              ],
              [
                91.33101412800005,
                22.845058055000038
              ],
              [
                91.32977483200006,
                22.847077463000062
              ]
            ]
          ],
          [
            [
              [
                91.33200322500005,
                22.820655491000025
              ],
              [
                91.33625471700003,
                22.84028027200003
              ],
              [
                91.33294159100006,
                22.841598485000077
              ],
              [
                91.32603376500003,
                22.83914696100004
              ],
              [
                91.32139257900008,
                22.839113852000025
              ],
              [
                91.31855858100005,
                22.842005010000037
              ],
              [
                91.32013450600004,
                22.84500299900003
              ],
              [
                91.32891707900006,
                22.84831241200004
              ],
              [
                91.32662756500008,
                22.849003827000047
              ],
              [
                91.32229617300004,
                22.846525017000033
              ],
              [
                91.31186246600004,
                22.845412900000042
              ],
              [
                91.30979444500008,
                22.84049109500006
              ],
              [
                91.31883315000005,
                22.836750051000024
              ],
              [
                91.32519262900007,
                22.837066441000047
              ],
              [
                91.32522545800003,
                22.826998294000077
              ],
              [
                91.32999554400004,
                22.821223779000036
              ],
              [
                91.33200322500005,
                22.820655491000025
              ]
            ]
          ],
          [
            [
              [
                91.35286528500006,
                22.89695519600008
              ],
              [
                91.35099149200005,
                22.894286974000067
              ],
              [
                91.34508933900008,
                22.89761730600003
              ],
              [
                91.34357514100003,
                22.896741036000037
              ],
              [
                91.34449182300006,
                22.891826141000024
              ],
              [
                91.34289273100006,
                22.887331044000064
              ],
              [
                91.34458042000006,
                22.881215161000057
              ],
              [
                91.33599157600008,
                22.884822428000064
              ],
              [
                91.32872148600006,
                22.882753507000075
              ],
              [
                91.32866073000008,
                22.88139357600005
              ],
              [
                91.33527570500007,
                22.875352812000074
              ],
              [
                91.34305419100008,
                22.877300305000063
              ],
              [
                91.33700997700004,
                22.866068648000066
              ],
              [
                91.33692890800006,
                22.863262086000077
              ],
              [
                91.33835485500003,
                22.862447948000067
              ],
              [
                91.34596302500006,
                22.863317445000064
              ],
              [
                91.35061527500005,
                22.866361290000043
              ],
              [
                91.35251861500006,
                22.864857678000078
              ],
              [
                91.34787116900009,
                22.857544004000033
              ],
              [
                91.35214142900008,
                22.85333220900003
              ],
              [
                91.35070347000004,
                22.85118635300006
              ],
              [
                91.34583758200006,
                22.85323887100003
              ],
              [
                91.34119011900003,
                22.859875373000023
              ],
              [
                91.33860087100004,
                22.85964202400004
              ],
              [
                91.33677259000007,
                22.844848925000065
              ],
              [
                91.33916034000003,
                22.840829391000057
              ],
              [
                91.33599267900007,
                22.82123795900003
              ],
              [
                91.33816064300004,
                22.820810223000024
              ],
              [
                91.33538948100005,
                22.818893568000078
              ],
              [
                91.33186615000005,
                22.806622013000037
              ],
              [
                91.33247214200009,
                22.79736871600005
              ],
              [
                91.33475816900005,
                22.793908395000074
              ],
              [
                91.34453103000004,
                22.78905203900007
              ],
              [
                91.35454610500005,
                22.794613989000027
              ],
              [
                91.36239332600007,
                22.796510182000077
              ],
              [
                91.36403689600007,
                22.80541179200003
              ],
              [
                91.36626074400004,
                22.806471784000053
              ],
              [
                91.37327917500005,
                22.816597777000027
              ],
              [
                91.38009783400008,
                22.820090943000025
              ],
              [
                91.37137801300008,
                22.82321619000004
              ],
              [
                91.36032332000008,
                22.822515871000064
              ],
              [
                91.35805699500008,
                22.825299823000023
              ],
              [
                91.35363974100005,
                22.82686099400007
              ],
              [
                91.35451574900009,
                22.82824503200004
              ],
              [
                91.35163904100006,
                22.831033244000025
              ],
              [
                91.34637935900008,
                22.83000355100006
              ],
              [
                91.34354233100004,
                22.826370686000075
              ],
              [
                91.34045228300005,
                22.829780888000073
              ],
              [
                91.34503746600006,
                22.840816545000052
              ],
              [
                91.34953656300007,
                22.84656851400007
              ],
              [
                91.36061943300007,
                22.852843927000038
              ],
              [
                91.36454247700004,
                22.857469665000053
              ],
              [
                91.37047132800006,
                22.86005771600003
              ],
              [
                91.37674817900006,
                22.867962281000075
              ],
              [
                91.37722690900006,
                22.874419850000038
              ],
              [
                91.37551560800006,
                22.87791756100006
              ],
              [
                91.37396341700008,
                22.878528209000024
              ],
              [
                91.37280556600007,
                22.876310731000046
              ],
              [
                91.36787405500007,
                22.87654628200005
              ],
              [
                91.36541563000009,
                22.878464097000062
              ],
              [
                91.36726449700006,
                22.88460059600004
              ],
              [
                91.37499611900006,
                22.884647382000026
              ],
              [
                91.37444854400007,
                22.890769485000078
              ],
              [
                91.37069138400005,
                22.893088109000075
              ],
              [
                91.37021332300009,
                22.89972159200005
              ],
              [
                91.36518242300008,
                22.899304270000073
              ],
              [
                91.36567092700005,
                22.897524186000055
              ],
              [
                91.36396029200006,
                22.897549604000062
              ],
              [
                91.36267437500004,
                22.892394417000048
              ],
              [
                91.35746208300009,
                22.892516916000034
              ],
              [
                91.35286528500006,
                22.89695519600008
              ]
            ]
          ]
        ]
      }
    },
    {
      "type": "Feature",
      "properties": {
        "shapeName": "Char Majlishpur",
        "shapeISO": "",
        "shapeID": "29066614B19881205059495",
        "shapeGroup": "BGD",
        "shapeType": "ADM4"
      },
      "geometry": {
        "type": "Polygon",
        "coordinates": [
          [
            [
              91.39143115800005,
              22.932991386000026
            ],
            [
              91.39403199100008,
              22.93719089800004
            ],
            [
              91.39233227300008,
              22.94452715600005
            ],
            [
              91.38950735400005,
              22.943760515000065
            ],
            [
              91.38680574200004,
              22.942650668000056
            ],
            [
              91.38397452500004,
              22.943655896000053
            ],
            [
              91.38238739900004,
              22.955593883000063
            ],
            [
              91.37787749200004,
              22.95735254500005
            ],
            [
              91.37139239900006,
              22.957109012000046
            ],
            [
              91.36792365900004,
              22.959739553000077
            ],
            [
              91.36671153000003,
              22.958435317000067
            ],
            [
              91.36700854000009,
              22.952324456000042
            ],
            [
              91.36444145400009,
              22.949981923000053
            ],
            [
              91.36601980400008,
              22.942845650000038
            ],
            [
              91.35941899800008,
              22.942907982000065
            ],
            [
              91.35498464500006,
              22.948818283000037
            ],
            [
              91.35215302400007,
              22.94632538700006
            ],
            [
              91.34827826300005,
              22.948284399000045
            ],
            [
              91.34736910800007,
              22.94695541300007
            ],
            [
              91.35006845400005,
              22.94644418300004
            ],
            [
              91.34943471900004,
              22.944001384000046
            ],
            [
              91.35181297500009,
              22.943692686000077
            ],
            [
              91.35018688300005,
              22.940503053000043
            ],
            [
              91.35391623200007,
              22.94024887200004
            ],
            [
              91.35426512400005,
              22.93905030600007
            ],
            [
              91.34535398000008,
              22.93714360900003
            ],
            [
              91.34534377100005,
              22.939749384000038
            ],
            [
              91.34358233200004,
              22.93869629200003
            ],
            [
              91.34174987200004,
              22.939710379000076
            ],
            [
              91.34270659600008,
              22.937159819000044
            ],
            [
              91.34070541700004,
              22.93403647200006
            ],
            [
              91.33389738200003,
              22.935739892000072
            ],
            [
              91.33154753700006,
              22.93283724300005
            ],
            [
              91.33011844600009,
              22.928976800000044
            ],
            [
              91.33633493100007,
              22.925521268000068
            ],
            [
              91.32799707600003,
              22.91172780200003
            ],
            [
              91.32793925900006,
              22.910046091000027
            ],
            [
              91.33013187500006,
              22.90875142300007
            ],
            [
              91.33191236800008,
              22.909997023000074
            ],
            [
              91.33861841200007,
              22.909203424000054
            ],
            [
              91.34091469400005,
              22.913380499000027
            ],
            [
              91.34321440700006,
              22.906759891000036
            ],
            [
              91.34603905400007,
              22.904699294000068
            ],
            [
              91.34828986300005,
              22.912273756000047
            ],
            [
              91.35154198000004,
              22.91325373500007
            ],
            [
              91.35241313000006,
              22.921641991000058
            ],
            [
              91.35977415600007,
              22.923848374000045
            ],
            [
              91.36399010300005,
              22.93060921400007
            ],
            [
              91.36737458600004,
              22.93185019300006
            ],
            [
              91.37250987700008,
              22.93101559300004
            ],
            [
              91.37413504000006,
              22.93226315900006
            ],
            [
              91.38120847900007,
              22.93246651100003
            ],
            [
              91.38309917700008,
              22.93122624500006
            ],
            [
              91.39143115800005,
              22.932991386000026
            ]
          ]
        ]
      }
    },
    {
      "type": "Feature",
      "properties": {
        "shapeName": "Chhagalnaiya Paurashava",
        "shapeISO": "",
        "shapeID": "29066614B96963873966778",
        "shapeGroup": "BGD",
        "shapeType": "ADM4"
      },
      "geometry": {
        "type": "Polygon",
        "coordinates": [
          [
            [
              91.53863681700005,
              23.019774908000045
            ],
            [
              91.55028410900007,
              23.03854737100005
            ],
            [
              91.53043046900007,
              23.038437173000034
            ],
            [
              91.53620824000006,
              23.05465861600004
            ],
            [
              91.52490667500007,
              23.055497597000056
            ],
            [
              91.52576875600005,
              23.060130324000056
            ],
            [
              91.53525770500005,
              23.063480711000068
            ],
            [
              91.53248031000004,
              23.06869200700004
            ],
            [
              91.52333790300008,
              23.06402829800004
            ],
            [
              91.51612799700007,
              23.065371042000038
            ],
            [
              91.50755798900008,
              23.064396379000073
            ],
            [
              91.50472452600008,
              23.061219539000035
            ],
            [
              91.49651705600007,
              23.058193525000036
            ],
            [
              91.49172507700007,
              23.061300440000025
            ],
            [
              91.48432986300008,
              23.06145417500005
            ],
            [
              91.47789214200009,
              23.059189497000034
            ],
            [
              91.47768771600005,
              23.055494760000045
            ],
            [
              91.48166807600006,
              23.052898240000047
            ],
            [
              91.48374259200006,
              23.045830943000055
            ],
            [
              91.48606684900005,
              23.043533780000075
            ],
            [
              91.48359135900006,
              23.03781533600005
            ],
            [
              91.48534595100006,
              23.028460438000025
            ],
            [
              91.48398226600006,
              23.025058245000025
            ],
            [
              91.48862035300004,
              23.023414998000078
            ],
            [
              91.49714065300003,
              23.02410848900007
            ],
            [
              91.49755008400007,
              23.02716567400006
            ],
            [
              91.50765848300006,
              23.027840723000054
            ],
            [
              91.52345429000007,
              23.031815006000045
            ],
            [
              91.52560292400005,
              23.02369552300007
            ],
            [
              91.52996738800005,
              23.018069814000057
            ],
            [
              91.53204433600007,
              23.01774322500006
            ],
            [
              91.53728240100008,
              23.020800305000023
            ],
            [
              91.53863681700005,
              23.019774908000045
            ]
          ]
        ]
      }
    },
    {
      "type": "Feature",
      "properties": {
        "shapeName": "Chithalia",
        "shapeISO": "",
        "shapeID": "29066614B86013033406417",
        "shapeGroup": "BGD",
        "shapeType": "ADM4"
      },
      "geometry": {
        "type": "Polygon",
        "coordinates": [
          [
            [
              91.44203945300006,
              23.187947033000057
            ],
            [
              91.43618707200005,
              23.189727794000078
            ],
            [
              91.43652348400008,
              23.194069357000046
            ],
            [
              91.43361163200007,
              23.194715126000062
            ],
            [
              91.43376950100009,
              23.19732261400003
            ],
            [
              91.42578087300006,
              23.197403680000036
            ],
            [
              91.42331356000005,
              23.200772141000073
            ],
            [
              91.42575262700007,
              23.201246213000047
            ],
            [
              91.42866342300005,
              23.204275220000056
            ],
            [
              91.42713145200008,
              23.205902351000077
            ],
            [
              91.42940663900004,
              23.208125412000072
            ],
            [
              91.42903198100004,
              23.20958906900006
            ],
            [
              91.43083347800007,
              23.209930556000074
            ],
            [
              91.43022465300004,
              23.211654305000025
            ],
            [
              91.43358624700005,
              23.21231459100005
            ],
            [
              91.43090214600005,
              23.215975839000066
            ],
            [
              91.43432121800004,
              23.21771877300006
            ],
            [
              91.43292209400005,
              23.219096388000025
            ],
            [
              91.43343405000007,
              23.22088556500006
            ],
            [
              91.43213258500003,
              23.222490325000024
            ],
            [
              91.42246517700005,
              23.21805848100007
            ],
            [
              91.41884153000007,
              23.219715174000044
            ],
            [
              91.41177923600009,
              23.217182234000063
            ],
            [
              91.40711369600007,
              23.219493193000062
            ],
            [
              91.40661789100005,
              23.216763378000053
            ],
            [
              91.39921699200005,
              23.218155903000024
            ],
            [
              91.39258072200005,
              23.216795197000067
            ],
            [
              91.39026360800005,
              23.21767084800007
            ],
            [
              91.38070106400005,
              23.208566105000045
            ],
            [
              91.38767996900003,
              23.208022291000077
            ],
            [
              91.38547617300009,
              23.191983037000057
            ],
            [
              91.38091868300006,
              23.191736198000058
            ],
            [
              91.37986695500007,
              23.184612807000065
            ],
            [
              91.38295971100007,
              23.184628928000052
            ],
            [
              91.38183445400006,
              23.175151603000074
            ],
            [
              91.38362273000007,
              23.175257935000047
            ],
            [
              91.38459421500005,
              23.17531014800005
            ],
            [
              91.38515838600006,
              23.175176016000023
            ],
            [
              91.39037995600006,
              23.176022997000075
            ],
            [
              91.38863839400005,
              23.17930719800006
            ],
            [
              91.39121648800005,
              23.181228458000078
            ],
            [
              91.40103027100008,
              23.182830298000056
            ],
            [
              91.40206275800006,
              23.181601296000053
            ],
            [
              91.40026779800007,
              23.177504016000057
            ],
            [
              91.40160097100005,
              23.175193086000036
            ],
            [
              91.40014765900008,
              23.172177094000062
            ],
            [
              91.40195877000008,
              23.170389123000064
            ],
            [
              91.40255977000004,
              23.16320546000003
            ],
            [
              91.40400308300008,
              23.16760954600005
            ],
            [
              91.41612448900008,
              23.169925947000024
            ],
            [
              91.41779413800003,
              23.172177806000036
            ],
            [
              91.43460880800006,
              23.172962509000058
            ],
            [
              91.44073281400006,
              23.175690503000055
            ],
            [
              91.44087098200004,
              23.17838791500003
            ],
            [
              91.43842154700008,
              23.18079233000003
            ],
            [
              91.44203945300006,
              23.187947033000057
            ]
          ]
        ]
      }
    },
    {
      "type": "Feature",
      "properties": {
        "shapeName": "Daganbhuiyan",
        "shapeISO": "",
        "shapeID": "29066614B14016870957617",
        "shapeGroup": "BGD",
        "shapeType": "ADM4"
      },
      "geometry": {
        "type": "Polygon",
        "coordinates": [
          [
            [
              91.33154753700006,
              22.93283724300005
            ],
            [
              91.31536790600006,
              22.93620218800004
            ],
            [
              91.30781316300005,
              22.937818114000038
            ],
            [
              91.30236419000005,
              22.928747413000053
            ],
            [
              91.30621924900004,
              22.92681338500006
            ],
            [
              91.30356191500005,
              22.92367064900003
            ],
            [
              91.30141337100008,
              22.92318812800005
            ],
            [
              91.29957711700007,
              22.924904567000056
            ],
            [
              91.29644525000003,
              22.92426067400004
            ],
            [
              91.29454532100004,
              22.922106240000062
            ],
            [
              91.29370894700008,
              22.925865285000043
            ],
            [
              91.28991183800008,
              22.92602037000006
            ],
            [
              91.28908033000005,
              22.93095295200004
            ],
            [
              91.28786317700008,
              22.93107403700003
            ],
            [
              91.28703132300006,
              22.926564779000046
            ],
            [
              91.28327443400008,
              22.92303544600003
            ],
            [
              91.28745743600007,
              22.914838901000053
            ],
            [
              91.28898761100004,
              22.915098579000073
            ],
            [
              91.28887868200007,
              22.912858958000072
            ],
            [
              91.29277100500008,
              22.91044513500003
            ],
            [
              91.29566325800005,
              22.910789625000064
            ],
            [
              91.29425516500004,
              22.90688911500007
            ],
            [
              91.29764433300005,
              22.895617182000024
            ],
            [
              91.30009211100008,
              22.894172377000075
            ],
            [
              91.30648857100005,
              22.899661619000028
            ],
            [
              91.30820775100005,
              22.905220772000064
            ],
            [
              91.31225336500006,
              22.904296068000065
            ],
            [
              91.31366954200007,
              22.900573920000056
            ],
            [
              91.32214757400004,
              22.902402573000074
            ],
            [
              91.32678361000006,
              22.90732133000006
            ],
            [
              91.32984817600004,
              22.906028981000077
            ],
            [
              91.33013187500006,
              22.90875142300007
            ],
            [
              91.32793925900006,
              22.910046091000027
            ],
            [
              91.32799707600003,
              22.91172780200003
            ],
            [
              91.33633493100007,
              22.925521268000068
            ],
            [
              91.33011844600009,
              22.928976800000044
            ],
            [
              91.33154753700006,
              22.93283724300005
            ]
          ]
        ]
      }
    },
    {
      "type": "Feature",
      "properties": {
        "shapeName": "Daganbhuiyan Paurashava",
        "shapeISO": "",
        "shapeID": "29066614B74832751756235",
        "shapeGroup": "BGD",
        "shapeType": "ADM4"
      },
      "geometry": {
        "type": "Polygon",
        "coordinates": [
          [
            [
              91.31536790600006,
              22.93620218800004
            ],
            [
              91.31425518500004,
              22.941460649000078
            ],
            [
              91.31570952300007,
              22.947143221000033
            ],
            [
              91.31393394400004,
              22.954207909000047
            ],
            [
              91.30622862400008,
              22.951229483000077
            ],
            [
              91.30529743300008,
              22.95798287200006
            ],
            [
              91.30341406800005,
              22.958704546000035
            ],
            [
              91.30042496800007,
              22.957201557000076
            ],
            [
              91.29772783300007,
              22.95837352800004
            ],
            [
              91.29670311600006,
              22.95645302300005
            ],
            [
              91.29246753500007,
              22.956035434000057
            ],
            [
              91.29042872900004,
              22.94866501000007
            ],
            [
              91.29276412400009,
              22.949143321000065
            ],
            [
              91.29470164300005,
              22.944510491000074
            ],
            [
              91.29671661300006,
              22.945013939000034
            ],
            [
              91.29691976900006,
              22.942794931000037
            ],
            [
              91.30065606400007,
              22.941586243000074
            ],
            [
              91.29368629600003,
              22.929127148000077
            ],
            [
              91.29370894700008,
              22.925865285000043
            ],
            [
              91.29454532100004,
              22.922106240000062
            ],
            [
              91.29644525000003,
              22.92426067400004
            ],
            [
              91.29957711700007,
              22.924904567000056
            ],
            [
              91.30141337100008,
              22.92318812800005
            ],
            [
              91.30356191500005,
              22.92367064900003
            ],
            [
              91.30621924900004,
              22.92681338500006
            ],
            [
              91.30236419000005,
              22.928747413000053
            ],
            [
              91.30781316300005,
              22.937818114000038
            ],
            [
              91.31536790600006,
              22.93620218800004
            ]
          ]
        ]
      }
    },
    {
      "type": "Feature",
      "properties": {
        "shapeName": "Darbarpur",
        "shapeISO": "",
        "shapeID": "29066614B84323963841035",
        "shapeGroup": "BGD",
        "shapeType": "ADM4"
      },
      "geometry": {
        "type": "Polygon",
        "coordinates": [
          [
            [
              91.45820869000005,
              23.11759708200003
            ],
            [
              91.45684333800006,
              23.117635663000044
            ],
            [
              91.45636784500005,
              23.12068023300003
            ],
            [
              91.44734841300004,
              23.119644493000067
            ],
            [
              91.44450565500006,
              23.124081819000025
            ],
            [
              91.43898617300005,
              23.123741669000026
            ],
            [
              91.43800932600004,
              23.12988967000007
            ],
            [
              91.43966476200006,
              23.133571225000026
            ],
            [
              91.43587538600008,
              23.135311586000057
            ],
            [
              91.43099909500006,
              23.132070184000042
            ],
            [
              91.43363810000005,
              23.118452242000046
            ],
            [
              91.43266978300005,
              23.11594014600007
            ],
            [
              91.43072067200006,
              23.11571567900006
            ],
            [
              91.42729948500005,
              23.110111051000047
            ],
            [
              91.42193393500008,
              23.109671797000033
            ],
            [
              91.42241841000003,
              23.105438449000076
            ],
            [
              91.43274621600006,
              23.103246341000045
            ],
            [
              91.43248557400005,
              23.100822073000074
            ],
            [
              91.42915912300003,
              23.10016019300008
            ],
            [
              91.42962244800003,
              23.09833333800003
            ],
            [
              91.44031021400008,
              23.093797231000053
            ],
            [
              91.44251635400008,
              23.10109310000007
            ],
            [
              91.44442100500004,
              23.101172769000073
            ],
            [
              91.44653486300007,
              23.097369816000025
            ],
            [
              91.45580725200006,
              23.095915754000032
            ],
            [
              91.45538351300007,
              23.100759916000072
            ],
            [
              91.46027230900006,
              23.104989980000028
            ],
            [
              91.46312821800007,
              23.105454045000045
            ],
            [
              91.46304298200005,
              23.110089609000056
            ],
            [
              91.46497349100008,
              23.11265296600004
            ],
            [
              91.46294855600007,
              23.115903846000037
            ],
            [
              91.45820869000005,
              23.11759708200003
            ]
          ]
        ]
      }
    },
    {
      "type": "Feature",
      "properties": {
        "shapeName": "Dhalia",
        "shapeISO": "",
        "shapeID": "29066614B29047073310198",
        "shapeGroup": "BGD",
        "shapeType": "ADM4"
      },
      "geometry": {
        "type": "Polygon",
        "coordinates": [
          [
            [
              91.42840040300007,
              22.913746795000066
            ],
            [
              91.42874540800005,
              22.918581833000076
            ],
            [
              91.43218887500007,
              22.92402172800007
            ],
            [
              91.43685357000004,
              22.925790420000055
            ],
            [
              91.43485911900007,
              22.93430551600005
            ],
            [
              91.44008259100008,
              22.93844887000006
            ],
            [
              91.43929643500007,
              22.940759058000026
            ],
            [
              91.43524351900004,
              22.939320228000042
            ],
            [
              91.43666183800008,
              22.936383977000048
            ],
            [
              91.43185281400008,
              22.935877637000033
            ],
            [
              91.43070881300008,
              22.937437441000043
            ],
            [
              91.42938208800007,
              22.935934341000063
            ],
            [
              91.42731573500004,
              22.93654394500004
            ],
            [
              91.42726734400009,
              22.941054550000047
            ],
            [
              91.42341154100006,
              22.938639353000042
            ],
            [
              91.42187702400008,
              22.941976187000023
            ],
            [
              91.42009827000004,
              22.94194808700007
            ],
            [
              91.42043241900006,
              22.949378700000068
            ],
            [
              91.41971700800008,
              22.95301525700006
            ],
            [
              91.41751908400005,
              22.95266800400003
            ],
            [
              91.41834316900008,
              22.955123453000056
            ],
            [
              91.41553495800008,
              22.95535175200007
            ],
            [
              91.41507151100006,
              22.953926628000033
            ],
            [
              91.40998707200004,
              22.95571953500007
            ],
            [
              91.40583815000008,
              22.95550686400003
            ],
            [
              91.40478852000007,
              22.969137041000067
            ],
            [
              91.39711545500006,
              22.968843581000044
            ],
            [
              91.39722033700008,
              22.95923689800003
            ],
            [
              91.39481077700003,
              22.954960714000038
            ],
            [
              91.38973324400007,
              22.953823260000036
            ],
            [
              91.38792442400006,
              22.95205928300004
            ],
            [
              91.39389713400004,
              22.94925562900005
            ],
            [
              91.38950735400005,
              22.943760515000065
            ],
            [
              91.39233227300008,
              22.94452715600005
            ],
            [
              91.39403199100008,
              22.93719089800004
            ],
            [
              91.39143115800005,
              22.932991386000026
            ],
            [
              91.39057520000006,
              22.929619890000026
            ],
            [
              91.39566511100008,
              22.923608638000076
            ],
            [
              91.39511608700008,
              22.91926863300006
            ],
            [
              91.39821629700003,
              22.920959088000075
            ],
            [
              91.40112021100003,
              22.917005257000028
            ],
            [
              91.40622085600006,
              22.91980121200004
            ],
            [
              91.40443842600007,
              22.92299501900004
            ],
            [
              91.41071023300003,
              22.923573332000046
            ],
            [
              91.41091022900008,
              22.920347805000063
            ],
            [
              91.41374377500006,
              22.921513657000048
            ],
            [
              91.41557113300007,
              22.92061453100007
            ],
            [
              91.41626744000007,
              22.917837853000037
            ],
            [
              91.41627977600007,
              22.91984560000003
            ],
            [
              91.41766899600003,
              22.919185180000056
            ],
            [
              91.41661161400003,
              22.915833140000075
            ],
            [
              91.41775740100007,
              22.910637036000026
            ],
            [
              91.41979574700008,
              22.90930133300003
            ],
            [
              91.41916066200008,
              22.913617377000037
            ],
            [
              91.42270966900008,
              22.91438944600003
            ],
            [
              91.42541038300004,
              22.913228935000063
            ],
            [
              91.42640303400003,
              22.916316752000057
            ],
            [
              91.42840040300007,
              22.913746795000066
            ]
          ]
        ]
      }
    },
    {
      "type": "Feature",
      "properties": {
        "shapeName": "Dharmapur",
        "shapeISO": "",
        "shapeID": "29066614B83644972378916",
        "shapeGroup": "BGD",
        "shapeType": "ADM4"
      },
      "geometry": {
        "type": "Polygon",
        "coordinates": [
          [
            [
              91.41131004300007,
              23.06172046200004
            ],
            [
              91.40626631000003,
              23.059125707000078
            ],
            [
              91.39918396300004,
              23.05857155900003
            ],
            [
              91.39867575300008,
              23.05664555900006
            ],
            [
              91.39581435500008,
              23.056204079000054
            ],
            [
              91.37272861200006,
              23.068954468000072
            ],
            [
              91.37251127300004,
              23.066230465000046
            ],
            [
              91.36216806900006,
              23.06333782100006
            ],
            [
              91.36357679000008,
              23.059780743000033
            ],
            [
              91.37135810500007,
              23.061337423000055
            ],
            [
              91.37070563400005,
              23.057086352000056
            ],
            [
              91.36282975200004,
              23.055139261000022
            ],
            [
              91.36997145700008,
              23.03673364900004
            ],
            [
              91.38344235300008,
              23.025775038000063
            ],
            [
              91.38613857900003,
              23.032993125000075
            ],
            [
              91.39147939100008,
              23.032930432000057
            ],
            [
              91.39260871500005,
              23.029884176000053
            ],
            [
              91.40297637900005,
              23.03085943600007
            ],
            [
              91.40611426200007,
              23.031627486000048
            ],
            [
              91.40483025600008,
              23.035902931000066
            ],
            [
              91.41106983400005,
              23.045589062000033
            ],
            [
              91.41086204900006,
              23.050233701000025
            ],
            [
              91.41273239000003,
              23.054985656000042
            ],
            [
              91.41087180200003,
              23.05825137200003
            ],
            [
              91.41131004300007,
              23.06172046200004
            ]
          ]
        ]
      }
    },
    {
      "type": "Feature",
      "properties": {
        "shapeName": "Farhadnagar",
        "shapeISO": "",
        "shapeID": "29066614B22090138306727",
        "shapeGroup": "BGD",
        "shapeType": "ADM4"
      },
      "geometry": {
        "type": "Polygon",
        "coordinates": [
          [
            [
              91.47358263300004,
              22.901770284000065
            ],
            [
              91.49787379400004,
              22.903332508000062
            ],
            [
              91.49303510200008,
              22.905252647000054
            ],
            [
              91.50006947800006,
              22.910402615000066
            ],
            [
              91.50881288600004,
              22.908167502000026
            ],
            [
              91.51154024800007,
              22.90866991200005
            ],
            [
              91.51287133200003,
              22.91067745600003
            ],
            [
              91.50616568300006,
              22.927872102000038
            ],
            [
              91.50057266600004,
              22.932191855000042
            ],
            [
              91.50523031900008,
              22.940281669000058
            ],
            [
              91.50256768000008,
              22.946140066000055
            ],
            [
              91.49517224800007,
              22.945589023000025
            ],
            [
              91.49669819000007,
              22.940970865000054
            ],
            [
              91.49119378200004,
              22.940325573000052
            ],
            [
              91.48583011600005,
              22.942129118000025
            ],
            [
              91.48466038500004,
              22.94557823200006
            ],
            [
              91.47823259200004,
              22.945674377000046
            ],
            [
              91.47757975400003,
              22.94213052200007
            ],
            [
              91.46805792700007,
              22.946983024000076
            ],
            [
              91.46755740100008,
              22.946857828000077
            ],
            [
              91.46759527300009,
              22.928265536000026
            ],
            [
              91.46406935000005,
              22.923287280000068
            ],
            [
              91.46648562800004,
              22.922500124000067
            ],
            [
              91.46488625400008,
              22.921503920000077
            ],
            [
              91.46602170400007,
              22.91970801800005
            ],
            [
              91.47011013000008,
              22.918028175000074
            ],
            [
              91.46733450500005,
              22.91576660900006
            ],
            [
              91.46862701300006,
              22.914868443000046
            ],
            [
              91.46783328900005,
              22.913534595000044
            ],
            [
              91.46972932600005,
              22.91373833600005
            ],
            [
              91.46814553000007,
              22.90852315500007
            ],
            [
              91.46867515300005,
              22.904009259000077
            ],
            [
              91.47472061900004,
              22.902487329000053
            ],
            [
              91.47358263300004,
              22.901770284000065
            ]
          ]
        ]
      }
    },
    {
      "type": "Feature",
      "properties": {
        "shapeName": "Fazilpur",
        "shapeISO": "",
        "shapeID": "29066614B16921600631079",
        "shapeGroup": "BGD",
        "shapeType": "ADM4"
      },
      "geometry": {
        "type": "Polygon",
        "coordinates": [
          [
            [
              91.50256768000008,
              22.946140066000055
            ],
            [
              91.49889362400006,
              22.956144933000076
            ],
            [
              91.50148188700007,
              22.96207101300007
            ],
            [
              91.50770085800008,
              22.969353945000023
            ],
            [
              91.50929041800003,
              22.973120137000024
            ],
            [
              91.50687682500006,
              22.982943257000045
            ],
            [
              91.50189957000003,
              22.983706812000037
            ],
            [
              91.50061581200004,
              22.988081127000044
            ],
            [
              91.49542520700004,
              22.98842598500005
            ],
            [
              91.49073362000007,
              22.995243181000035
            ],
            [
              91.48578650700006,
              22.994912603000046
            ],
            [
              91.48787036600004,
              22.991953886000033
            ],
            [
              91.48759960100006,
              22.98899864400005
            ],
            [
              91.47469811300004,
              22.98753255300005
            ],
            [
              91.46628017000006,
              22.99011465700005
            ],
            [
              91.47002438900006,
              22.984719788000064
            ],
            [
              91.47455449400007,
              22.98272746600003
            ],
            [
              91.48008376200005,
              22.983094185000027
            ],
            [
              91.48452447200003,
              22.98616227200006
            ],
            [
              91.48460832900008,
              22.978327294000053
            ],
            [
              91.48280808800007,
              22.976874847000033
            ],
            [
              91.48507032500004,
              22.97647716800003
            ],
            [
              91.48627943700006,
              22.973377087000074
            ],
            [
              91.48498650700003,
              22.972488886000065
            ],
            [
              91.47524854000005,
              22.97466664500007
            ],
            [
              91.47256278300006,
              22.96455774700007
            ],
            [
              91.46992168500003,
              22.962656855000034
            ],
            [
              91.47019098300007,
              22.951874713000052
            ],
            [
              91.46805792700007,
              22.946983024000076
            ],
            [
              91.47757975400003,
              22.94213052200007
            ],
            [
              91.47823259200004,
              22.945674377000046
            ],
            [
              91.48466038500004,
              22.94557823200006
            ],
            [
              91.48583011600005,
              22.942129118000025
            ],
            [
              91.49119378200004,
              22.940325573000052
            ],
            [
              91.49669819000007,
              22.940970865000054
            ],
            [
              91.49517224800007,
              22.945589023000025
            ],
            [
              91.50256768000008,
              22.946140066000055
            ]
          ]
        ]
      }
    },
    {
      "type": "Feature",
      "properties": {
        "shapeName": "Feni Paurashava",
        "shapeISO": "",
        "shapeID": "29066614B52754664831840",
        "shapeGroup": "BGD",
        "shapeType": "ADM4"
      },
      "geometry": {
        "type": "Polygon",
        "coordinates": [
          [
            [
              91.40035345300004,
              22.981009451000034
            ],
            [
              91.40671346200008,
              22.98419435200003
            ],
            [
              91.40608441300003,
              22.986386155000048
            ],
            [
              91.40922893400005,
              22.986541672000044
            ],
            [
              91.40624955600003,
              22.99285472400004
            ],
            [
              91.40813245800007,
              23.001271271000064
            ],
            [
              91.40458572900008,
              23.014246768000078
            ],
            [
              91.40050576500005,
              23.01462611900007
            ],
            [
              91.39863222200006,
              23.017739967000068
            ],
            [
              91.40286320300004,
              23.026170782000065
            ],
            [
              91.40297637900005,
              23.03085943600007
            ],
            [
              91.39260871500005,
              23.029884176000053
            ],
            [
              91.39147939100008,
              23.032930432000057
            ],
            [
              91.38613857900003,
              23.032993125000075
            ],
            [
              91.38344235300008,
              23.025775038000063
            ],
            [
              91.36997145700008,
              23.03673364900004
            ],
            [
              91.36324552000008,
              23.03511750900003
            ],
            [
              91.36235555300004,
              23.033043934000034
            ],
            [
              91.35818267900004,
              23.032076166000024
            ],
            [
              91.35676133700008,
              23.027661125000066
            ],
            [
              91.36277899300006,
              23.024508147000063
            ],
            [
              91.37076911600008,
              23.024542434000068
            ],
            [
              91.37045376100008,
              23.02158051300006
            ],
            [
              91.37246783000006,
              23.01920578900007
            ],
            [
              91.37238795600007,
              23.01107118300007
            ],
            [
              91.36740002300007,
              23.009459847000073
            ],
            [
              91.36556837800003,
              22.997963595000044
            ],
            [
              91.36905794800003,
              23.001411810000036
            ],
            [
              91.37205385400006,
              23.002273812000055
            ],
            [
              91.37292515800004,
              22.996542979000026
            ],
            [
              91.37620661000005,
              22.99141723100007
            ],
            [
              91.38150020700004,
              22.99238609300005
            ],
            [
              91.38586485500008,
              22.990745409000056
            ],
            [
              91.38681525900006,
              22.98577756800006
            ],
            [
              91.39035889800004,
              22.983590200000037
            ],
            [
              91.38973190200005,
              22.981837343000052
            ],
            [
              91.39223078700007,
              22.98045670500005
            ],
            [
              91.39210181000004,
              22.97804355900007
            ],
            [
              91.39511734600006,
              22.977827941000044
            ],
            [
              91.39569627100008,
              22.98124697700007
            ],
            [
              91.40035345300004,
              22.981009451000034
            ]
          ]
        ]
      }
    },
    {
      "type": "Feature",
      "properties": {
        "shapeName": "Fulgazi",
        "shapeISO": "",
        "shapeID": "29066614B77721742961700",
        "shapeGroup": "BGD",
        "shapeType": "ADM4"
      },
      "geometry": {
        "type": "Polygon",
        "coordinates": [
          [
            [
              91.46098509800004,
              23.129180047000034
            ],
            [
              91.46177133300006,
              23.13020741100007
            ],
            [
              91.46016174400006,
              23.132164061000026
            ],
            [
              91.46146115800008,
              23.13470054900006
            ],
            [
              91.45908632500004,
              23.13836668700003
            ],
            [
              91.45597411900008,
              23.140062873000034
            ],
            [
              91.45268348900004,
              23.13919969500006
            ],
            [
              91.45062895500007,
              23.140159006000033
            ],
            [
              91.45380127100003,
              23.143180677000032
            ],
            [
              91.45257002400007,
              23.14628526300004
            ],
            [
              91.44447770900007,
              23.14916105700007
            ],
            [
              91.44062838600007,
              23.153720445000033
            ],
            [
              91.44029391400005,
              23.156864722000023
            ],
            [
              91.44593642200005,
              23.162225629000034
            ],
            [
              91.44373264300003,
              23.165415280000047
            ],
            [
              91.44310956000004,
              23.17380715200005
            ],
            [
              91.44073281400006,
              23.175690503000055
            ],
            [
              91.43460880800006,
              23.172962509000058
            ],
            [
              91.41779413800003,
              23.172177806000036
            ],
            [
              91.41612448900008,
              23.169925947000024
            ],
            [
              91.40400308300008,
              23.16760954600005
            ],
            [
              91.40255977000004,
              23.16320546000003
            ],
            [
              91.40195877000008,
              23.170389123000064
            ],
            [
              91.40014765900008,
              23.172177094000062
            ],
            [
              91.40160097100005,
              23.175193086000036
            ],
            [
              91.40026779800007,
              23.177504016000057
            ],
            [
              91.40206275800006,
              23.181601296000053
            ],
            [
              91.40103027100008,
              23.182830298000056
            ],
            [
              91.39121648800005,
              23.181228458000078
            ],
            [
              91.38863839400005,
              23.17930719800006
            ],
            [
              91.39037995600006,
              23.176022997000075
            ],
            [
              91.38515838600006,
              23.175176016000023
            ],
            [
              91.38474536500007,
              23.156295172000057
            ],
            [
              91.38922398900007,
              23.152774779000026
            ],
            [
              91.39177256300007,
              23.140527174000056
            ],
            [
              91.39134703300005,
              23.152270120000026
            ],
            [
              91.39428036100009,
              23.152997191000054
            ],
            [
              91.39610053700005,
              23.140020321000065
            ],
            [
              91.40114312100008,
              23.14033966100004
            ],
            [
              91.40417746600008,
              23.136897633000046
            ],
            [
              91.40668153900003,
              23.14079440200004
            ],
            [
              91.41000906200009,
              23.138318838000032
            ],
            [
              91.41379387400008,
              23.141106139000044
            ],
            [
              91.41538176300008,
              23.14061096300003
            ],
            [
              91.41752047000006,
              23.136600976000068
            ],
            [
              91.41840784800007,
              23.12713425000004
            ],
            [
              91.41705807200003,
              23.12547217900004
            ],
            [
              91.42053124900008,
              23.124943075000033
            ],
            [
              91.42228603500007,
              23.118590007000023
            ],
            [
              91.43072067200006,
              23.11571567900006
            ],
            [
              91.43266978300005,
              23.11594014600007
            ],
            [
              91.43363810000005,
              23.118452242000046
            ],
            [
              91.43099909500006,
              23.132070184000042
            ],
            [
              91.43587538600008,
              23.135311586000057
            ],
            [
              91.43966476200006,
              23.133571225000026
            ],
            [
              91.43800932600004,
              23.12988967000007
            ],
            [
              91.43898617300005,
              23.123741669000026
            ],
            [
              91.44450565500006,
              23.124081819000025
            ],
            [
              91.44734841300004,
              23.119644493000067
            ],
            [
              91.45636784500005,
              23.12068023300003
            ],
            [
              91.45684333800006,
              23.117635663000044
            ],
            [
              91.45820869000005,
              23.11759708200003
            ],
            [
              91.45915467900005,
              23.120765110000036
            ],
            [
              91.45642552900006,
              23.123479984000028
            ],
            [
              91.46059790800007,
              23.125944208000078
            ],
            [
              91.46098509800004,
              23.129180047000034
            ]
          ]
        ]
      }
    },
    {
      "type": "Feature",
      "properties": {
        "shapeName": "G.M.Hat",
        "shapeISO": "",
        "shapeID": "29066614B618978926629",
        "shapeGroup": "BGD",
        "shapeType": "ADM4"
      },
      "geometry": {
        "type": "Polygon",
        "coordinates": [
          [
            [
              91.46312821800007,
              23.105454045000045
            ],
            [
              91.46027230900006,
              23.104989980000028
            ],
            [
              91.45538351300007,
              23.100759916000072
            ],
            [
              91.45580725200006,
              23.095915754000032
            ],
            [
              91.44653486300007,
              23.097369816000025
            ],
            [
              91.44442100500004,
              23.101172769000073
            ],
            [
              91.44251635400008,
              23.10109310000007
            ],
            [
              91.44031021400008,
              23.093797231000053
            ],
            [
              91.44037530400004,
              23.091718281000055
            ],
            [
              91.44320146300004,
              23.090913512000043
            ],
            [
              91.44451916100007,
              23.087868034000053
            ],
            [
              91.44471354300003,
              23.085618560000057
            ],
            [
              91.44137611700006,
              23.086413908000054
            ],
            [
              91.43482088400003,
              23.083134228000063
            ],
            [
              91.43458876100004,
              23.080118138000046
            ],
            [
              91.44030266200008,
              23.076484038000046
            ],
            [
              91.44692336300005,
              23.075296862000073
            ],
            [
              91.44783440100008,
              23.067849439000042
            ],
            [
              91.45229747000008,
              23.065748188000043
            ],
            [
              91.45728677100004,
              23.068341118000035
            ],
            [
              91.46439984300008,
              23.06783394300004
            ],
            [
              91.46561435100006,
              23.074301569000056
            ],
            [
              91.47056480900005,
              23.070858076000036
            ],
            [
              91.47618362700007,
              23.071217733000026
            ],
            [
              91.48083137800006,
              23.073370545000046
            ],
            [
              91.48325567100005,
              23.072195178000072
            ],
            [
              91.48351844000007,
              23.073681752000027
            ],
            [
              91.48243741100003,
              23.076519834000067
            ],
            [
              91.47463766100003,
              23.075572864000037
            ],
            [
              91.47322110100004,
              23.077422832000025
            ],
            [
              91.47431606200007,
              23.085522764000075
            ],
            [
              91.47308036500004,
              23.08880589900008
            ],
            [
              91.47523580500007,
              23.09387775400006
            ],
            [
              91.47170567600006,
              23.096306264000077
            ],
            [
              91.46783464700007,
              23.09618087100006
            ],
            [
              91.46738870500008,
              23.103097382000044
            ],
            [
              91.46312821800007,
              23.105454045000045
            ]
          ]
        ]
      }
    },
    {
      "type": "Feature",
      "properties": {
        "shapeName": "Gopal",
        "shapeISO": "",
        "shapeID": "29066614B20010193795966",
        "shapeGroup": "BGD",
        "shapeType": "ADM4"
      },
      "geometry": {
        "type": "Polygon",
        "coordinates": [
          [
            [
              91.49938666400004,
              22.902002467000045
            ],
            [
              91.50144726400003,
              22.900950599000055
            ],
            [
              91.51166668700006,
              22.90160839300006
            ],
            [
              91.51385860900007,
              22.907071853000048
            ],
            [
              91.53093591500004,
              22.913396668000075
            ],
            [
              91.53321308100004,
              22.91746759700004
            ],
            [
              91.53054520100005,
              22.923800603000075
            ],
            [
              91.53185534300007,
              22.926020968000046
            ],
            [
              91.53781765200006,
              22.92883415800003
            ],
            [
              91.53892519100003,
              22.931553706000045
            ],
            [
              91.53757302300005,
              22.934855902000038
            ],
            [
              91.53403659100007,
              22.937728218000075
            ],
            [
              91.52502329900005,
              22.94042232700008
            ],
            [
              91.52501860000007,
              22.943756068000027
            ],
            [
              91.52748477900008,
              22.94730988200007
            ],
            [
              91.53033090000008,
              22.948162443000058
            ],
            [
              91.53221538200006,
              22.954111131000047
            ],
            [
              91.53111278800009,
              22.96033870800005
            ],
            [
              91.51959325200005,
              22.96090164700007
            ],
            [
              91.52052165100008,
              22.971807115000047
            ],
            [
              91.51576169100008,
              22.971894473000077
            ],
            [
              91.51078039100008,
              22.968961680000064
            ],
            [
              91.50770085800008,
              22.969353945000023
            ],
            [
              91.50148188700007,
              22.96207101300007
            ],
            [
              91.49889362400006,
              22.956144933000076
            ],
            [
              91.50256768000008,
              22.946140066000055
            ],
            [
              91.50523031900008,
              22.940281669000058
            ],
            [
              91.50057266600004,
              22.932191855000042
            ],
            [
              91.50616568300006,
              22.927872102000038
            ],
            [
              91.51287133200003,
              22.91067745600003
            ],
            [
              91.51154024800007,
              22.90866991200005
            ],
            [
              91.50881288600004,
              22.908167502000026
            ],
            [
              91.50006947800006,
              22.910402615000066
            ],
            [
              91.49303510200008,
              22.905252647000054
            ],
            [
              91.49787379400004,
              22.903332508000062
            ],
            [
              91.49938666400004,
              22.902002467000045
            ]
          ]
        ]
      }
    },
    {
      "type": "Feature",
      "properties": {
        "shapeName": "Jailashkara",
        "shapeISO": "",
        "shapeID": "29066614B30457678590467",
        "shapeGroup": "BGD",
        "shapeType": "ADM4"
      },
      "geometry": {
        "type": "Polygon",
        "coordinates": [
          [
            [
              91.36518083000004,
              22.988225078000028
            ],
            [
              91.36245009500004,
              22.988782022000066
            ],
            [
              91.35912731800005,
              22.997257509000065
            ],
            [
              91.34199618000008,
              22.997640107000052
            ],
            [
              91.34333213000008,
              23.004109087000074
            ],
            [
              91.32819678600003,
              23.00658560100004
            ],
            [
              91.32571981000007,
              23.00895463200004
            ],
            [
              91.32002651300007,
              23.002600321000045
            ],
            [
              91.32210918600003,
              22.998688530000038
            ],
            [
              91.31747546000008,
              22.996215723000034
            ],
            [
              91.31829289500007,
              22.99399442400005
            ],
            [
              91.31567205300007,
              22.991832760000023
            ],
            [
              91.31419380000006,
              22.984305109000047
            ],
            [
              91.30740908100006,
              22.981697389000033
            ],
            [
              91.30750511800005,
              22.978942996000058
            ],
            [
              91.29992310900008,
              22.96840527300003
            ],
            [
              91.30854450100009,
              22.96880231700004
            ],
            [
              91.31053866700006,
              22.970203853000044
            ],
            [
              91.31727349300007,
              22.969919980000043
            ],
            [
              91.32687582200003,
              22.96262908700004
            ],
            [
              91.33271006200005,
              22.962988852000024
            ],
            [
              91.33358828200005,
              22.968375740000056
            ],
            [
              91.33836432900006,
              22.966366555000036
            ],
            [
              91.34465927300005,
              22.966693193000026
            ],
            [
              91.34786938800005,
              22.963858736000077
            ],
            [
              91.35123888900006,
              22.963213637000024
            ],
            [
              91.35569761400006,
              22.958464933000073
            ],
            [
              91.35804295300005,
              22.962344907000045
            ],
            [
              91.35493546700008,
              22.967010445000028
            ],
            [
              91.35573500200007,
              22.970406901000047
            ],
            [
              91.35864988600008,
              22.970558631000074
            ],
            [
              91.36634413100006,
              22.965974362000054
            ],
            [
              91.36848666000003,
              22.967892067000037
            ],
            [
              91.36767199500008,
              22.971201333000067
            ],
            [
              91.36187156200003,
              22.97516654100008
            ],
            [
              91.36591565900005,
              22.98096399700006
            ],
            [
              91.36644606400006,
              22.986297184000023
            ],
            [
              91.36518083000004,
              22.988225078000028
            ]
          ]
        ]
      }
    },
    {
      "type": "Feature",
      "properties": {
        "shapeName": "Kalidah",
        "shapeISO": "",
        "shapeID": "29066614B18808818980176",
        "shapeGroup": "BGD",
        "shapeType": "ADM4"
      },
      "geometry": {
        "type": "Polygon",
        "coordinates": [
          [
            [
              91.40478852000007,
              22.969137041000067
            ],
            [
              91.40583815000008,
              22.95550686400003
            ],
            [
              91.40998707200004,
              22.95571953500007
            ],
            [
              91.41507151100006,
              22.953926628000033
            ],
            [
              91.41553495800008,
              22.95535175200007
            ],
            [
              91.41834316900008,
              22.955123453000056
            ],
            [
              91.41997097500007,
              22.96222016400003
            ],
            [
              91.42220033400008,
              22.964508328000022
            ],
            [
              91.42682109900005,
              22.96440641500004
            ],
            [
              91.42816857100007,
              22.96664032900003
            ],
            [
              91.43136556500008,
              22.96499089300005
            ],
            [
              91.43412283400005,
              22.969048815000065
            ],
            [
              91.43796376500006,
              22.969668812000066
            ],
            [
              91.43907305900007,
              22.971667139000033
            ],
            [
              91.44233795800005,
              22.971364263000055
            ],
            [
              91.44303233000005,
              22.973376493000046
            ],
            [
              91.44644485700007,
              22.973481427000024
            ],
            [
              91.45461160400004,
              22.978524738000033
            ],
            [
              91.45556580700008,
              22.983315658000038
            ],
            [
              91.45433586700005,
              22.98608155900007
            ],
            [
              91.45022912500008,
              22.984883013000058
            ],
            [
              91.44772047200007,
              22.98180588500003
            ],
            [
              91.44366793900008,
              22.986149768000075
            ],
            [
              91.43901839400007,
              22.985270282000045
            ],
            [
              91.43380956400006,
              22.989331468000046
            ],
            [
              91.43433334200006,
              22.995973949000074
            ],
            [
              91.43989719500007,
              22.99621981300004
            ],
            [
              91.43898582100007,
              23.004745958000058
            ],
            [
              91.44045183100008,
              23.011135409000076
            ],
            [
              91.43285216100008,
              23.011838278000027
            ],
            [
              91.42886257900005,
              23.009317846000044
            ],
            [
              91.41258505800005,
              23.01651984600005
            ],
            [
              91.41039888500006,
              23.014586259000055
            ],
            [
              91.40458572900008,
              23.014246768000078
            ],
            [
              91.40813245800007,
              23.001271271000064
            ],
            [
              91.40624955600003,
              22.99285472400004
            ],
            [
              91.40922893400005,
              22.986541672000044
            ],
            [
              91.40608441300003,
              22.986386155000048
            ],
            [
              91.40671346200008,
              22.98419435200003
            ],
            [
              91.40035345300004,
              22.981009451000034
            ],
            [
              91.40010552800004,
              22.979668747000062
            ],
            [
              91.40262889500008,
              22.978843746000052
            ],
            [
              91.40308713200005,
              22.973213533000035
            ],
            [
              91.40678181100003,
              22.972247706000076
            ],
            [
              91.40661894200008,
              22.96905702600003
            ],
            [
              91.40478852000007,
              22.969137041000067
            ]
          ]
        ]
      }
    },
    {
      "type": "Feature",
      "properties": {
        "shapeName": "Kazirbag",
        "shapeISO": "",
        "shapeID": "29066614B50856968541649",
        "shapeGroup": "BGD",
        "shapeType": "ADM4"
      },
      "geometry": {
        "type": "Polygon",
        "coordinates": [
          [
            [
              91.41657242200006,
              23.064093273000026
            ],
            [
              91.41131004300007,
              23.06172046200004
            ],
            [
              91.41087180200003,
              23.05825137200003
            ],
            [
              91.41273239000003,
              23.054985656000042
            ],
            [
              91.41086204900006,
              23.050233701000025
            ],
            [
              91.41106983400005,
              23.045589062000033
            ],
            [
              91.40483025600008,
              23.035902931000066
            ],
            [
              91.40611426200007,
              23.031627486000048
            ],
            [
              91.40297637900005,
              23.03085943600007
            ],
            [
              91.40286320300004,
              23.026170782000065
            ],
            [
              91.39863222200006,
              23.017739967000068
            ],
            [
              91.40050576500005,
              23.01462611900007
            ],
            [
              91.40458572900008,
              23.014246768000078
            ],
            [
              91.41039888500006,
              23.014586259000055
            ],
            [
              91.41258505800005,
              23.01651984600005
            ],
            [
              91.42886257900005,
              23.009317846000044
            ],
            [
              91.43285216100008,
              23.011838278000027
            ],
            [
              91.44045183100008,
              23.011135409000076
            ],
            [
              91.43878313500005,
              23.013347501000055
            ],
            [
              91.44289525400006,
              23.018129508000072
            ],
            [
              91.44426723300006,
              23.023100120000038
            ],
            [
              91.44779260900003,
              23.02600257200004
            ],
            [
              91.44942185800005,
              23.031508707000057
            ],
            [
              91.44583781600005,
              23.034614463000025
            ],
            [
              91.44870752500003,
              23.035543284000028
            ],
            [
              91.44777986500009,
              23.039651500000048
            ],
            [
              91.44389023200006,
              23.035167932000036
            ],
            [
              91.44118494900005,
              23.034728611000048
            ],
            [
              91.44118835500007,
              23.03017445000006
            ],
            [
              91.43923923000006,
              23.032359189000033
            ],
            [
              91.43821262500006,
              23.02975672900004
            ],
            [
              91.43700629300008,
              23.03424223500008
            ],
            [
              91.43465230000004,
              23.036506238000072
            ],
            [
              91.43485532400007,
              23.03436844500004
            ],
            [
              91.43261909900008,
              23.03381521400007
            ],
            [
              91.43096097300008,
              23.03856612000004
            ],
            [
              91.43594972700004,
              23.040262292000023
            ],
            [
              91.43585212400006,
              23.044000522000033
            ],
            [
              91.43002024800006,
              23.044089495000037
            ],
            [
              91.43282613800005,
              23.04647042600004
            ],
            [
              91.43335530400003,
              23.051054758000078
            ],
            [
              91.42326659300005,
              23.058670849000066
            ],
            [
              91.42233756600007,
              23.06302449700007
            ],
            [
              91.41657242200006,
              23.064093273000026
            ]
          ]
        ]
      }
    },
    {
      "type": "Feature",
      "properties": {
        "shapeName": "Lemua",
        "shapeISO": "",
        "shapeID": "29066614B46581219347973",
        "shapeGroup": "BGD",
        "shapeType": "ADM4"
      },
      "geometry": {
        "type": "Polygon",
        "coordinates": [
          [
            [
              91.44008259100008,
              22.93844887000006
            ],
            [
              91.45035885800007,
              22.929425321000053
            ],
            [
              91.45564832300005,
              22.928772356000025
            ],
            [
              91.45597259200008,
              22.930545211000037
            ],
            [
              91.45394958200006,
              22.93285381900006
            ],
            [
              91.45754149700008,
              22.932106254000075
            ],
            [
              91.46406935000005,
              22.923287280000068
            ],
            [
              91.46759527300009,
              22.928265536000026
            ],
            [
              91.46755740100008,
              22.946857828000077
            ],
            [
              91.46107235600005,
              22.951735437000025
            ],
            [
              91.43958676600005,
              22.96284145900006
            ],
            [
              91.43362722900008,
              22.96563823200006
            ],
            [
              91.43136556500008,
              22.96499089300005
            ],
            [
              91.42816857100007,
              22.96664032900003
            ],
            [
              91.42682109900005,
              22.96440641500004
            ],
            [
              91.42220033400008,
              22.964508328000022
            ],
            [
              91.41997097500007,
              22.96222016400003
            ],
            [
              91.41834316900008,
              22.955123453000056
            ],
            [
              91.41751908400005,
              22.95266800400003
            ],
            [
              91.41971700800008,
              22.95301525700006
            ],
            [
              91.42043241900006,
              22.949378700000068
            ],
            [
              91.42009827000004,
              22.94194808700007
            ],
            [
              91.42187702400008,
              22.941976187000023
            ],
            [
              91.42341154100006,
              22.938639353000042
            ],
            [
              91.42726734400009,
              22.941054550000047
            ],
            [
              91.42731573500004,
              22.93654394500004
            ],
            [
              91.42938208800007,
              22.935934341000063
            ],
            [
              91.43070881300008,
              22.937437441000043
            ],
            [
              91.43185281400008,
              22.935877637000033
            ],
            [
              91.43666183800008,
              22.936383977000048
            ],
            [
              91.43524351900004,
              22.939320228000042
            ],
            [
              91.43929643500007,
              22.940759058000026
            ],
            [
              91.44008259100008,
              22.93844887000006
            ]
          ]
        ]
      }
    },
    {
      "type": "Feature",
      "properties": {
        "shapeName": "Mangalkandi",
        "shapeISO": "",
        "shapeID": "29066614B83648825857805",
        "shapeGroup": "BGD",
        "shapeType": "ADM4"
      },
      "geometry": {
        "type": "Polygon",
        "coordinates": [
          [
            [
              91.41775740100007,
              22.910637036000026
            ],
            [
              91.41661161400003,
              22.915833140000075
            ],
            [
              91.41766899600003,
              22.919185180000056
            ],
            [
              91.41627977600007,
              22.91984560000003
            ],
            [
              91.41626744000007,
              22.917837853000037
            ],
            [
              91.41557113300007,
              22.92061453100007
            ],
            [
              91.41374377500006,
              22.921513657000048
            ],
            [
              91.41091022900008,
              22.920347805000063
            ],
            [
              91.41071023300003,
              22.923573332000046
            ],
            [
              91.40443842600007,
              22.92299501900004
            ],
            [
              91.40622085600006,
              22.91980121200004
            ],
            [
              91.40112021100003,
              22.917005257000028
            ],
            [
              91.39821629700003,
              22.920959088000075
            ],
            [
              91.39511608700008,
              22.91926863300006
            ],
            [
              91.38605325300006,
              22.917103601000065
            ],
            [
              91.38341981900004,
              22.912748976000046
            ],
            [
              91.37943192400007,
              22.91163831500006
            ],
            [
              91.37843481000004,
              22.909688766000045
            ],
            [
              91.37090509800004,
              22.90835004400003
            ],
            [
              91.36925522600006,
              22.903335243000072
            ],
            [
              91.37021332300009,
              22.89972159200005
            ],
            [
              91.37069138400005,
              22.893088109000075
            ],
            [
              91.37444854400007,
              22.890769485000078
            ],
            [
              91.37499611900006,
              22.884647382000026
            ],
            [
              91.37786667400007,
              22.884693656000024
            ],
            [
              91.37947712300007,
              22.88266898200004
            ],
            [
              91.38357080200007,
              22.884623796000028
            ],
            [
              91.38758594900008,
              22.883876986000075
            ],
            [
              91.39151182500007,
              22.885015115000044
            ],
            [
              91.39249510300004,
              22.891879687000028
            ],
            [
              91.39513657700007,
              22.895665670000028
            ],
            [
              91.40025105200004,
              22.895448522000038
            ],
            [
              91.40060520300005,
              22.896651142000053
            ],
            [
              91.40420373000006,
              22.896958640000037
            ],
            [
              91.40608628400008,
              22.89942910800005
            ],
            [
              91.41444717800005,
              22.89850874800004
            ],
            [
              91.41737439600007,
              22.900991221000027
            ],
            [
              91.41638470700008,
              22.906135129000063
            ],
            [
              91.41775740100007,
              22.910637036000026
            ]
          ]
        ]
      }
    },
    {
      "type": "Feature",
      "properties": {
        "shapeName": "Matabi",
        "shapeISO": "",
        "shapeID": "29066614B78705598076981",
        "shapeGroup": "BGD",
        "shapeType": "ADM4"
      },
      "geometry": {
        "type": "Polygon",
        "coordinates": [
          [
            [
              91.49073362000007,
              22.995243181000035
            ],
            [
              91.49230056800008,
              23.011046317000023
            ],
            [
              91.49131727600007,
              23.01251358500008
            ],
            [
              91.48643125900008,
              23.012418425000078
            ],
            [
              91.48410316600007,
              23.014931803000025
            ],
            [
              91.47724437500005,
              23.014725585000065
            ],
            [
              91.47463510800009,
              23.016805127000055
            ],
            [
              91.46927672100009,
              23.015846261000036
            ],
            [
              91.46315044500005,
              23.011927480000054
            ],
            [
              91.44640097300004,
              23.012743527000055
            ],
            [
              91.44423582600007,
              23.014081893000025
            ],
            [
              91.44368223600009,
              23.012144042000045
            ],
            [
              91.44580273100007,
              23.009650623000027
            ],
            [
              91.44429553900005,
              23.00823570800003
            ],
            [
              91.44045183100008,
              23.011135409000076
            ],
            [
              91.43898582100007,
              23.004745958000058
            ],
            [
              91.43989719500007,
              22.99621981300004
            ],
            [
              91.43433334200006,
              22.995973949000074
            ],
            [
              91.43380956400006,
              22.989331468000046
            ],
            [
              91.43901839400007,
              22.985270282000045
            ],
            [
              91.44366793900008,
              22.986149768000075
            ],
            [
              91.44772047200007,
              22.98180588500003
            ],
            [
              91.45022912500008,
              22.984883013000058
            ],
            [
              91.45433586700005,
              22.98608155900007
            ],
            [
              91.45556580700008,
              22.983315658000038
            ],
            [
              91.45461160400004,
              22.978524738000033
            ],
            [
              91.45790499800006,
              22.982400598000027
            ],
            [
              91.45747937200008,
              22.99097088600007
            ],
            [
              91.46388652100006,
              22.992601256000057
            ],
            [
              91.46628017000006,
              22.99011465700005
            ],
            [
              91.47469811300004,
              22.98753255300005
            ],
            [
              91.48759960100006,
              22.98899864400005
            ],
            [
              91.48787036600004,
              22.991953886000033
            ],
            [
              91.48578650700006,
              22.994912603000046
            ],
            [
              91.49073362000007,
              22.995243181000035
            ]
          ]
        ]
      }
    },
    {
      "type": "Feature",
      "properties": {
        "shapeName": "Mathu Bhuiyan",
        "shapeISO": "",
        "shapeID": "29066614B2252566065597",
        "shapeGroup": "BGD",
        "shapeType": "ADM4"
      },
      "geometry": {
        "type": "Polygon",
        "coordinates": [
          [
            [
              91.35569761400006,
              22.958464933000073
            ],
            [
              91.35123888900006,
              22.963213637000024
            ],
            [
              91.34786938800005,
              22.963858736000077
            ],
            [
              91.34465927300005,
              22.966693193000026
            ],
            [
              91.33836432900006,
              22.966366555000036
            ],
            [
              91.33358828200005,
              22.968375740000056
            ],
            [
              91.33271006200005,
              22.962988852000024
            ],
            [
              91.32687582200003,
              22.96262908700004
            ],
            [
              91.31727349300007,
              22.969919980000043
            ],
            [
              91.31053866700006,
              22.970203853000044
            ],
            [
              91.30854450100009,
              22.96880231700004
            ],
            [
              91.30864706600005,
              22.967487891000076
            ],
            [
              91.31497442800008,
              22.964733873000057
            ],
            [
              91.31552435500004,
              22.96152750400006
            ],
            [
              91.31391580200005,
              22.961542534000046
            ],
            [
              91.31321767600008,
              22.957423556000037
            ],
            [
              91.31393394400004,
              22.954207909000047
            ],
            [
              91.31570952300007,
              22.947143221000033
            ],
            [
              91.31425518500004,
              22.941460649000078
            ],
            [
              91.31536790600006,
              22.93620218800004
            ],
            [
              91.33154753700006,
              22.93283724300005
            ],
            [
              91.33389738200003,
              22.935739892000072
            ],
            [
              91.34070541700004,
              22.93403647200006
            ],
            [
              91.34270659600008,
              22.937159819000044
            ],
            [
              91.34174987200004,
              22.939710379000076
            ],
            [
              91.34358233200004,
              22.93869629200003
            ],
            [
              91.34534377100005,
              22.939749384000038
            ],
            [
              91.34535398000008,
              22.93714360900003
            ],
            [
              91.35426512400005,
              22.93905030600007
            ],
            [
              91.35391623200007,
              22.94024887200004
            ],
            [
              91.35018688300005,
              22.940503053000043
            ],
            [
              91.35181297500009,
              22.943692686000077
            ],
            [
              91.34943471900004,
              22.944001384000046
            ],
            [
              91.35006845400005,
              22.94644418300004
            ],
            [
              91.34736910800007,
              22.94695541300007
            ],
            [
              91.34827826300005,
              22.948284399000045
            ],
            [
              91.35215302400007,
              22.94632538700006
            ],
            [
              91.35498464500006,
              22.948818283000037
            ],
            [
              91.35416583300008,
              22.953082644000062
            ],
            [
              91.35569761400006,
              22.958464933000073
            ]
          ]
        ]
      }
    },
    {
      "type": "Feature",
      "properties": {
        "shapeName": "Matiganj",
        "shapeISO": "",
        "shapeID": "29066614B68585894434371",
        "shapeGroup": "BGD",
        "shapeType": "ADM4"
      },
      "geometry": {
        "type": "Polygon",
        "coordinates": [
          [
            [
              91.41444717800005,
              22.89850874800004
            ],
            [
              91.40608628400008,
              22.89942910800005
            ],
            [
              91.40420373000006,
              22.896958640000037
            ],
            [
              91.40060520300005,
              22.896651142000053
            ],
            [
              91.40025105200004,
              22.895448522000038
            ],
            [
              91.39513657700007,
              22.895665670000028
            ],
            [
              91.39249510300004,
              22.891879687000028
            ],
            [
              91.39151182500007,
              22.885015115000044
            ],
            [
              91.38758594900008,
              22.883876986000075
            ],
            [
              91.38357080200007,
              22.884623796000028
            ],
            [
              91.37947712300007,
              22.88266898200004
            ],
            [
              91.37786667400007,
              22.884693656000024
            ],
            [
              91.37499611900006,
              22.884647382000026
            ],
            [
              91.36726449700006,
              22.88460059600004
            ],
            [
              91.36541563000009,
              22.878464097000062
            ],
            [
              91.36787405500007,
              22.87654628200005
            ],
            [
              91.37280556600007,
              22.876310731000046
            ],
            [
              91.37396341700008,
              22.878528209000024
            ],
            [
              91.37551560800006,
              22.87791756100006
            ],
            [
              91.37722690900006,
              22.874419850000038
            ],
            [
              91.37674817900006,
              22.867962281000075
            ],
            [
              91.38226412500006,
              22.868026215000043
            ],
            [
              91.38523816600008,
              22.865937703000043
            ],
            [
              91.38595561300008,
              22.868206908000047
            ],
            [
              91.39221007900005,
              22.869787049000024
            ],
            [
              91.39429133100003,
              22.86265966700006
            ],
            [
              91.40266183400007,
              22.86691739300005
            ],
            [
              91.40607321800007,
              22.86995130400004
            ],
            [
              91.41009687300004,
              22.870438399000022
            ],
            [
              91.41127217800005,
              22.87435170300006
            ],
            [
              91.41720100100008,
              22.872326116000067
            ],
            [
              91.41994010600007,
              22.871064340000032
            ],
            [
              91.42896817800005,
              22.875575542000036
            ],
            [
              91.42643831700008,
              22.881821090000074
            ],
            [
              91.42245433500005,
              22.881026430000077
            ],
            [
              91.42075699400004,
              22.88417842800004
            ],
            [
              91.41478060500003,
              22.886477798000044
            ],
            [
              91.41625928700006,
              22.89118144500003
            ],
            [
              91.41285705700005,
              22.893696008000063
            ],
            [
              91.41044606100007,
              22.893506305000074
            ],
            [
              91.41444717800005,
              22.89850874800004
            ]
          ]
        ]
      }
    },
    {
      "type": "Feature",
      "properties": {
        "shapeName": "Mirzanagar",
        "shapeISO": "",
        "shapeID": "29066614B338555713143",
        "shapeGroup": "BGD",
        "shapeType": "ADM4"
      },
      "geometry": {
        "type": "Polygon",
        "coordinates": [
          [
            [
              91.43343405000007,
              23.22088556500006
            ],
            [
              91.43894052300004,
              23.221405360000063
            ],
            [
              91.44694112200006,
              23.227689935000058
            ],
            [
              91.44661578600005,
              23.236151834000054
            ],
            [
              91.44234414800007,
              23.237489349000043
            ],
            [
              91.44230951500003,
              23.239608628000042
            ],
            [
              91.44341154900007,
              23.241719723000074
            ],
            [
              91.44884907000005,
              23.244599105000077
            ],
            [
              91.45443902700003,
              23.25757556800005
            ],
            [
              91.45414425200005,
              23.260511757000074
            ],
            [
              91.44857287900004,
              23.259991926000055
            ],
            [
              91.43128651400008,
              23.262581531000023
            ],
            [
              91.42482798600008,
              23.258185223000055
            ],
            [
              91.42467981100003,
              23.259816774000058
            ],
            [
              91.42113196200006,
              23.261927934000028
            ],
            [
              91.41825171600004,
              23.25561083200006
            ],
            [
              91.41863622100004,
              23.258497928000054
            ],
            [
              91.41533494400005,
              23.263432846000057
            ],
            [
              91.41737545900008,
              23.26462446000005
            ],
            [
              91.41586710800004,
              23.26956550700004
            ],
            [
              91.41808539000004,
              23.269726727000034
            ],
            [
              91.41955571100004,
              23.273386533000064
            ],
            [
              91.41774814200005,
              23.27632851100003
            ],
            [
              91.41651746400004,
              23.275752342000033
            ],
            [
              91.41767467700004,
              23.277360436000038
            ],
            [
              91.41553203900008,
              23.279440478000026
            ],
            [
              91.41559979700008,
              23.28290058400006
            ],
            [
              91.41370188300004,
              23.281490606000034
            ],
            [
              91.40883521000006,
              23.285321483000075
            ],
            [
              91.41123403300008,
              23.25581464000004
            ],
            [
              91.40548256500006,
              23.256728727000052
            ],
            [
              91.40032367600008,
              23.265847724000025
            ],
            [
              91.39751242800008,
              23.265259078000042
            ],
            [
              91.39723444200007,
              23.25637380300003
            ],
            [
              91.40058592500009,
              23.256234507000045
            ],
            [
              91.40867344700007,
              23.247756371000037
            ],
            [
              91.39248596000004,
              23.24603207100006
            ],
            [
              91.39704439300004,
              23.241317870000046
            ],
            [
              91.39834372100006,
              23.236019673000044
            ],
            [
              91.40018699700005,
              23.235199410000064
            ],
            [
              91.40083360000006,
              23.229247115000078
            ],
            [
              91.38640017700004,
              23.22768479000007
            ],
            [
              91.39208405800008,
              23.220157922000055
            ],
            [
              91.39026360800005,
              23.21767084800007
            ],
            [
              91.39258072200005,
              23.216795197000067
            ],
            [
              91.39921699200005,
              23.218155903000024
            ],
            [
              91.40661789100005,
              23.216763378000053
            ],
            [
              91.40711369600007,
              23.219493193000062
            ],
            [
              91.41177923600009,
              23.217182234000063
            ],
            [
              91.41884153000007,
              23.219715174000044
            ],
            [
              91.42246517700005,
              23.21805848100007
            ],
            [
              91.43213258500003,
              23.222490325000024
            ],
            [
              91.43343405000007,
              23.22088556500006
            ]
          ]
        ]
      }
    },
    {
      "type": "Feature",
      "properties": {
        "shapeName": "Mohamaya",
        "shapeISO": "",
        "shapeID": "29066614B32912879826457",
        "shapeGroup": "BGD",
        "shapeType": "ADM4"
      },
      "geometry": {
        "type": "Polygon",
        "coordinates": [
          [
            [
              91.47170567600006,
              23.096306264000077
            ],
            [
              91.47523580500007,
              23.09387775400006
            ],
            [
              91.47308036500004,
              23.08880589900008
            ],
            [
              91.47431606200007,
              23.085522764000075
            ],
            [
              91.47322110100004,
              23.077422832000025
            ],
            [
              91.47463766100003,
              23.075572864000037
            ],
            [
              91.48243741100003,
              23.076519834000067
            ],
            [
              91.48351844000007,
              23.073681752000027
            ],
            [
              91.48586173800004,
              23.06979996800004
            ],
            [
              91.47925636800005,
              23.063622983000073
            ],
            [
              91.47789214200009,
              23.059189497000034
            ],
            [
              91.48432986300008,
              23.06145417500005
            ],
            [
              91.49172507700007,
              23.061300440000025
            ],
            [
              91.49651705600007,
              23.058193525000036
            ],
            [
              91.50472452600008,
              23.061219539000035
            ],
            [
              91.50755798900008,
              23.064396379000073
            ],
            [
              91.51612799700007,
              23.065371042000038
            ],
            [
              91.52333790300008,
              23.06402829800004
            ],
            [
              91.53248031000004,
              23.06869200700004
            ],
            [
              91.52504662800004,
              23.082965517000048
            ],
            [
              91.52988407700008,
              23.08588111000006
            ],
            [
              91.52975612900008,
              23.09181042000006
            ],
            [
              91.51887004400004,
              23.094284238000057
            ],
            [
              91.52228154200003,
              23.104141738000067
            ],
            [
              91.51124630400005,
              23.104343162000077
            ],
            [
              91.51168667700006,
              23.10853326800003
            ],
            [
              91.49965555900008,
              23.106270536000068
            ],
            [
              91.49750035700004,
              23.104568292000067
            ],
            [
              91.49141586700006,
              23.107311586000037
            ],
            [
              91.48785544800006,
              23.098409307000054
            ],
            [
              91.47286163300004,
              23.09767727600007
            ],
            [
              91.47170567600006,
              23.096306264000077
            ]
          ]
        ]
      }
    },
    {
      "type": "Feature",
      "properties": {
        "shapeName": "Munshirhat",
        "shapeISO": "",
        "shapeID": "29066614B47526942750532",
        "shapeGroup": "BGD",
        "shapeType": "ADM4"
      },
      "geometry": {
        "type": "Polygon",
        "coordinates": [
          [
            [
              91.25093047100006,
              23.215883285000075
            ],
            [
              91.25343124300008,
              23.21343664500006
            ],
            [
              91.25438875300006,
              23.20773278000007
            ],
            [
              91.26361678000006,
              23.20684887400006
            ],
            [
              91.26666648500003,
              23.202103559000022
            ],
            [
              91.26901340100005,
              23.202111174000038
            ],
            [
              91.26957557800006,
              23.205833364000057
            ],
            [
              91.28147878200008,
              23.205142437000063
            ],
            [
              91.28224335400006,
              23.207316801000047
            ],
            [
              91.27944130400004,
              23.21044370900006
            ],
            [
              91.28088793800003,
              23.213118303000044
            ],
            [
              91.29233265400006,
              23.215307421000034
            ],
            [
              91.29216259100008,
              23.216738647000057
            ],
            [
              91.28988922500008,
              23.21665627300007
            ],
            [
              91.28719226400005,
              23.224948015000052
            ],
            [
              91.28960214200004,
              23.225938117000055
            ],
            [
              91.28879665000005,
              23.228815102000056
            ],
            [
              91.29003219500004,
              23.228550385000062
            ],
            [
              91.29056290700004,
              23.230893699000035
            ],
            [
              91.28813338100008,
              23.235821779000048
            ],
            [
              91.29158658200004,
              23.236284531000024
            ],
            [
              91.28893845700009,
              23.243070427000077
            ],
            [
              91.29306867800005,
              23.244926357000054
            ],
            [
              91.29027997100007,
              23.246315326000058
            ],
            [
              91.29420735600007,
              23.24765018100004
            ],
            [
              91.29182822100006,
              23.24742308900005
            ],
            [
              91.29089238800003,
              23.252567533000047
            ],
            [
              91.28858550800004,
              23.254082908000044
            ],
            [
              91.29200319000006,
              23.25518491100007
            ],
            [
              91.29261626900006,
              23.25673951600004
            ],
            [
              91.28644610100008,
              23.254784596000036
            ],
            [
              91.28151133600005,
              23.255447566000043
            ],
            [
              91.28088861200007,
              23.26162861000006
            ],
            [
              91.28286910100007,
              23.262883645000045
            ],
            [
              91.28096516600004,
              23.264780033000022
            ],
            [
              91.27948131600004,
              23.26403121800007
            ],
            [
              91.27746064600007,
              23.267340279000052
            ],
            [
              91.27668844800007,
              23.266065758000025
            ],
            [
              91.27475054400009,
              23.26658954000004
            ],
            [
              91.27530936100004,
              23.26906927300007
            ],
            [
              91.26192107700007,
              23.268121337000025
            ],
            [
              91.25860251100005,
              23.264379502000054
            ],
            [
              91.25745374900004,
              23.258958951000068
            ],
            [
              91.25872620100006,
              23.253739148000022
            ],
            [
              91.25678411800004,
              23.248527026000033
            ],
            [
              91.25807706000006,
              23.24621358400003
            ],
            [
              91.25496677100006,
              23.241220767000073
            ],
            [
              91.25570393100008,
              23.237615162000054
            ],
            [
              91.25990787200004,
              23.23645649300005
            ],
            [
              91.25527156500004,
              23.233970354000064
            ],
            [
              91.25779435100009,
              23.22713347000007
            ],
            [
              91.26376669300004,
              23.230181191000042
            ],
            [
              91.26864142900007,
              23.227388936000068
            ],
            [
              91.26340853500005,
              23.227626396000062
            ],
            [
              91.26035408100006,
              23.225624984000035
            ],
            [
              91.25947055200004,
              23.22402723700003
            ],
            [
              91.26320714600007,
              23.223425431000067
            ],
            [
              91.26260007100007,
              23.221935555000073
            ],
            [
              91.25590781700004,
              23.222977575000073
            ],
            [
              91.25473834000007,
              23.22051108100004
            ],
            [
              91.25099771000004,
              23.218446647000064
            ],
            [
              91.25093047100006,
              23.215883285000075
            ]
          ]
        ]
      }
    },
    {
      "type": "Feature",
      "properties": {
        "shapeName": "Nawabpur",
        "shapeISO": "",
        "shapeID": "29066614B28981183820622",
        "shapeGroup": "BGD",
        "shapeType": "ADM4"
      },
      "geometry": {
        "type": "Polygon",
        "coordinates": [
          [
            [
              91.46814553000007,
              22.90852315500007
            ],
            [
              91.46972932600005,
              22.91373833600005
            ],
            [
              91.46783328900005,
              22.913534595000044
            ],
            [
              91.46862701300006,
              22.914868443000046
            ],
            [
              91.46733450500005,
              22.91576660900006
            ],
            [
              91.47011013000008,
              22.918028175000074
            ],
            [
              91.46602170400007,
              22.91970801800005
            ],
            [
              91.46488625400008,
              22.921503920000077
            ],
            [
              91.46648562800004,
              22.922500124000067
            ],
            [
              91.46406935000005,
              22.923287280000068
            ],
            [
              91.45754149700008,
              22.932106254000075
            ],
            [
              91.45394958200006,
              22.93285381900006
            ],
            [
              91.45597259200008,
              22.930545211000037
            ],
            [
              91.45564832300005,
              22.928772356000025
            ],
            [
              91.45035885800007,
              22.929425321000053
            ],
            [
              91.44008259100008,
              22.93844887000006
            ],
            [
              91.43485911900007,
              22.93430551600005
            ],
            [
              91.43685357000004,
              22.925790420000055
            ],
            [
              91.43218887500007,
              22.92402172800007
            ],
            [
              91.42874540800005,
              22.918581833000076
            ],
            [
              91.42840040300007,
              22.913746795000066
            ],
            [
              91.43094332200008,
              22.906847999000036
            ],
            [
              91.43600123700008,
              22.90823161800006
            ],
            [
              91.43777464400006,
              22.907159440000044
            ],
            [
              91.43936500500007,
              22.895847593000042
            ],
            [
              91.44244758200006,
              22.89570166900006
            ],
            [
              91.45160384100006,
              22.90602327000005
            ],
            [
              91.45623503500008,
              22.907203537000044
            ],
            [
              91.45742665300008,
              22.905132280000032
            ],
            [
              91.46520039100005,
              22.905207542000028
            ],
            [
              91.46814553000007,
              22.90852315500007
            ]
          ]
        ]
      }
    },
    {
      "type": "Feature",
      "properties": {
        "shapeName": "Panchgachhiya",
        "shapeISO": "",
        "shapeID": "29066614B77593195565763",
        "shapeGroup": "BGD",
        "shapeType": "ADM4"
      },
      "geometry": {
        "type": "Polygon",
        "coordinates": [
          [
            [
              91.36556837800003,
              22.997963595000044
            ],
            [
              91.36740002300007,
              23.009459847000073
            ],
            [
              91.37238795600007,
              23.01107118300007
            ],
            [
              91.37246783000006,
              23.01920578900007
            ],
            [
              91.37045376100008,
              23.02158051300006
            ],
            [
              91.37076911600008,
              23.024542434000068
            ],
            [
              91.36277899300006,
              23.024508147000063
            ],
            [
              91.35676133700008,
              23.027661125000066
            ],
            [
              91.34904330800003,
              23.029556611000032
            ],
            [
              91.34747800900004,
              23.03467570600003
            ],
            [
              91.34579939600007,
              23.03564397400004
            ],
            [
              91.34277817700007,
              23.035242899000025
            ],
            [
              91.34310227200007,
              23.033543309000038
            ],
            [
              91.33089330100006,
              23.035667355000044
            ],
            [
              91.32810115500007,
              23.034054939000043
            ],
            [
              91.32103924900008,
              23.034142859000042
            ],
            [
              91.32251560100008,
              23.032680354000036
            ],
            [
              91.32055684300008,
              23.030516099000067
            ],
            [
              91.31498453200004,
              23.029478692000055
            ],
            [
              91.31379401800007,
              23.02790519000007
            ],
            [
              91.31435660500006,
              23.019503734000068
            ],
            [
              91.30586599700007,
              23.015861357000063
            ],
            [
              91.30522477300008,
              23.01342296100006
            ],
            [
              91.30781030100007,
              23.011703631000046
            ],
            [
              91.31255260100005,
              23.013824690000035
            ],
            [
              91.31661279700006,
              23.013574208000023
            ],
            [
              91.31812967100007,
              23.020815839000022
            ],
            [
              91.32663045300006,
              23.01720716400007
            ],
            [
              91.33083718000006,
              23.020634415000075
            ],
            [
              91.33308768700005,
              23.020775223000044
            ],
            [
              91.33394692300004,
              23.01847729600007
            ],
            [
              91.33256456600003,
              23.016195995000032
            ],
            [
              91.32259376300004,
              23.010182574000055
            ],
            [
              91.32335568800005,
              23.00877345200007
            ],
            [
              91.32571981000007,
              23.00895463200004
            ],
            [
              91.32819678600003,
              23.00658560100004
            ],
            [
              91.34333213000008,
              23.004109087000074
            ],
            [
              91.34199618000008,
              22.997640107000052
            ],
            [
              91.35912731800005,
              22.997257509000065
            ],
            [
              91.36245009500004,
              22.988782022000066
            ],
            [
              91.36518083000004,
              22.988225078000028
            ],
            [
              91.36658505700007,
              22.99053695200007
            ],
            [
              91.36391819200009,
              22.99223588600006
            ],
            [
              91.36355683700003,
              22.99523132400003
            ],
            [
              91.36556837800003,
              22.997963595000044
            ]
          ]
        ]
      }
    },
    {
      "type": "Feature",
      "properties": {
        "shapeName": "Parshuram Paurashava",
        "shapeISO": "",
        "shapeID": "29066614B60554454128227",
        "shapeGroup": "BGD",
        "shapeType": "ADM4"
      },
      "geometry": {
        "type": "Polygon",
        "coordinates": [
          [
            [
              91.47672627600008,
              23.193018790000053
            ],
            [
              91.47069180800008,
              23.196559359000048
            ],
            [
              91.48237335500005,
              23.19856565300006
            ],
            [
              91.48436741000006,
              23.209334583000043
            ],
            [
              91.47533928200005,
              23.22048956200007
            ],
            [
              91.45856415700007,
              23.213448033000077
            ],
            [
              91.45824381800008,
              23.21575401700005
            ],
            [
              91.45079135600008,
              23.219286719000024
            ],
            [
              91.45320067000006,
              23.223292289000028
            ],
            [
              91.47024494100003,
              23.22777785200003
            ],
            [
              91.45783641600008,
              23.246129504000066
            ],
            [
              91.44884907000005,
              23.244599105000077
            ],
            [
              91.44341154900007,
              23.241719723000074
            ],
            [
              91.44230951500003,
              23.239608628000042
            ],
            [
              91.44234414800007,
              23.237489349000043
            ],
            [
              91.44661578600005,
              23.236151834000054
            ],
            [
              91.44694112200006,
              23.227689935000058
            ],
            [
              91.43894052300004,
              23.221405360000063
            ],
            [
              91.43343405000007,
              23.22088556500006
            ],
            [
              91.43292209400005,
              23.219096388000025
            ],
            [
              91.43432121800004,
              23.21771877300006
            ],
            [
              91.43090214600005,
              23.215975839000066
            ],
            [
              91.43358624700005,
              23.21231459100005
            ],
            [
              91.43022465300004,
              23.211654305000025
            ],
            [
              91.43083347800007,
              23.209930556000074
            ],
            [
              91.42903198100004,
              23.20958906900006
            ],
            [
              91.42940663900004,
              23.208125412000072
            ],
            [
              91.42713145200008,
              23.205902351000077
            ],
            [
              91.42866342300005,
              23.204275220000056
            ],
            [
              91.42575262700007,
              23.201246213000047
            ],
            [
              91.42331356000005,
              23.200772141000073
            ],
            [
              91.42578087300006,
              23.197403680000036
            ],
            [
              91.43376950100009,
              23.19732261400003
            ],
            [
              91.43361163200007,
              23.194715126000062
            ],
            [
              91.43652348400008,
              23.194069357000046
            ],
            [
              91.43618707200005,
              23.189727794000078
            ],
            [
              91.44203945300006,
              23.187947033000057
            ],
            [
              91.44509818000006,
              23.19144175100007
            ],
            [
              91.45174496500005,
              23.191987926000024
            ],
            [
              91.45150122500007,
              23.19011110100007
            ],
            [
              91.45554407500003,
              23.189331500000037
            ],
            [
              91.45403751200007,
              23.186824569000066
            ],
            [
              91.45545675300008,
              23.183970547000058
            ],
            [
              91.45828354000008,
              23.18328284100005
            ],
            [
              91.45937032400008,
              23.190034370000035
            ],
            [
              91.46738924500005,
              23.189253670000028
            ],
            [
              91.47046368500008,
              23.19166735600004
            ],
            [
              91.47672627600008,
              23.193018790000053
            ]
          ]
        ]
      }
    },
    {
      "type": "Feature",
      "properties": {
        "shapeName": "Pathannagar",
        "shapeISO": "",
        "shapeID": "29066614B76683288158274",
        "shapeGroup": "BGD",
        "shapeType": "ADM4"
      },
      "geometry": {
        "type": "Polygon",
        "coordinates": [
          [
            [
              91.43585212400006,
              23.044000522000033
            ],
            [
              91.43594972700004,
              23.040262292000023
            ],
            [
              91.43096097300008,
              23.03856612000004
            ],
            [
              91.43261909900008,
              23.03381521400007
            ],
            [
              91.43485532400007,
              23.03436844500004
            ],
            [
              91.43465230000004,
              23.036506238000072
            ],
            [
              91.43700629300008,
              23.03424223500008
            ],
            [
              91.43821262500006,
              23.02975672900004
            ],
            [
              91.43923923000006,
              23.032359189000033
            ],
            [
              91.44118835500007,
              23.03017445000006
            ],
            [
              91.44118494900005,
              23.034728611000048
            ],
            [
              91.44389023200006,
              23.035167932000036
            ],
            [
              91.44777986500009,
              23.039651500000048
            ],
            [
              91.44870752500003,
              23.035543284000028
            ],
            [
              91.44583781600005,
              23.034614463000025
            ],
            [
              91.44942185800005,
              23.031508707000057
            ],
            [
              91.44779260900003,
              23.02600257200004
            ],
            [
              91.44426723300006,
              23.023100120000038
            ],
            [
              91.44289525400006,
              23.018129508000072
            ],
            [
              91.43878313500005,
              23.013347501000055
            ],
            [
              91.44045183100008,
              23.011135409000076
            ],
            [
              91.44429553900005,
              23.00823570800003
            ],
            [
              91.44580273100007,
              23.009650623000027
            ],
            [
              91.44368223600009,
              23.012144042000045
            ],
            [
              91.44423582600007,
              23.014081893000025
            ],
            [
              91.44640097300004,
              23.012743527000055
            ],
            [
              91.46315044500005,
              23.011927480000054
            ],
            [
              91.46927672100009,
              23.015846261000036
            ],
            [
              91.47463510800009,
              23.016805127000055
            ],
            [
              91.47724437500005,
              23.014725585000065
            ],
            [
              91.48410316600007,
              23.014931803000025
            ],
            [
              91.48479387300006,
              23.019592857000077
            ],
            [
              91.48862035300004,
              23.023414998000078
            ],
            [
              91.48398226600006,
              23.025058245000025
            ],
            [
              91.48534595100006,
              23.028460438000025
            ],
            [
              91.48359135900006,
              23.03781533600005
            ],
            [
              91.48606684900005,
              23.043533780000075
            ],
            [
              91.48374259200006,
              23.045830943000055
            ],
            [
              91.48166807600006,
              23.052898240000047
            ],
            [
              91.47768771600005,
              23.055494760000045
            ],
            [
              91.47789214200009,
              23.059189497000034
            ],
            [
              91.47925636800005,
              23.063622983000073
            ],
            [
              91.48586173800004,
              23.06979996800004
            ],
            [
              91.48351844000007,
              23.073681752000027
            ],
            [
              91.48325567100005,
              23.072195178000072
            ],
            [
              91.48083137800006,
              23.073370545000046
            ],
            [
              91.47618362700007,
              23.071217733000026
            ],
            [
              91.47056480900005,
              23.070858076000036
            ],
            [
              91.46561435100006,
              23.074301569000056
            ],
            [
              91.46439984300008,
              23.06783394300004
            ],
            [
              91.45728677100004,
              23.068341118000035
            ],
            [
              91.45229747000008,
              23.065748188000043
            ],
            [
              91.44892608300006,
              23.062923510000076
            ],
            [
              91.44376819400009,
              23.063020954000024
            ],
            [
              91.43874050600004,
              23.05551311200003
            ],
            [
              91.44131898600006,
              23.045836112000075
            ],
            [
              91.43585212400006,
              23.044000522000033
            ]
          ]
        ]
      }
    },
    {
      "type": "Feature",
      "properties": {
        "shapeName": "Purba Chandrapur",
        "shapeISO": "",
        "shapeID": "29066614B56410304572803",
        "shapeGroup": "BGD",
        "shapeType": "ADM4"
      },
      "geometry": {
        "type": "Polygon",
        "coordinates": [
          [
            [
              91.31393394400004,
              22.954207909000047
            ],
            [
              91.31321767600008,
              22.957423556000037
            ],
            [
              91.31391580200005,
              22.961542534000046
            ],
            [
              91.31552435500004,
              22.96152750400006
            ],
            [
              91.31497442800008,
              22.964733873000057
            ],
            [
              91.30864706600005,
              22.967487891000076
            ],
            [
              91.30854450100009,
              22.96880231700004
            ],
            [
              91.29992310900008,
              22.96840527300003
            ],
            [
              91.30750511800005,
              22.978942996000058
            ],
            [
              91.30740908100006,
              22.981697389000033
            ],
            [
              91.31419380000006,
              22.984305109000047
            ],
            [
              91.31567205300007,
              22.991832760000023
            ],
            [
              91.31829289500007,
              22.99399442400005
            ],
            [
              91.31747546000008,
              22.996215723000034
            ],
            [
              91.31325441500007,
              22.99529057700005
            ],
            [
              91.30954216000003,
              22.992238617000055
            ],
            [
              91.30586505600007,
              22.998592985000073
            ],
            [
              91.30061151200005,
              22.999558033000028
            ],
            [
              91.30096825300006,
              23.005667999000025
            ],
            [
              91.29598973800006,
              23.00583696500007
            ],
            [
              91.29345990800005,
              23.002657532000057
            ],
            [
              91.29607506100007,
              22.998616953000067
            ],
            [
              91.28864724400006,
              22.99607241600006
            ],
            [
              91.28593928500004,
              22.993617979000078
            ],
            [
              91.28530250800009,
              22.988570904000028
            ],
            [
              91.28675459800007,
              22.98719360000007
            ],
            [
              91.28523492000005,
              22.98632532000005
            ],
            [
              91.28543840400005,
              22.981283276000056
            ],
            [
              91.28760008300009,
              22.978233815000067
            ],
            [
              91.28559928300007,
              22.97438042700003
            ],
            [
              91.27878377300004,
              22.97370679000005
            ],
            [
              91.27153463500008,
              22.975420219000057
            ],
            [
              91.26962727000006,
              22.98073164400006
            ],
            [
              91.26741185200007,
              22.981794266000065
            ],
            [
              91.26682792200006,
              22.985340606000022
            ],
            [
              91.25874548900003,
              22.985513404000073
            ],
            [
              91.25798444600008,
              22.973053562000075
            ],
            [
              91.25560669800007,
              22.970202485000073
            ],
            [
              91.25611284700005,
              22.964148703000035
            ],
            [
              91.25406028000003,
              22.96262667700006
            ],
            [
              91.25491226500009,
              22.961610042000075
            ],
            [
              91.25252209100006,
              22.960821698000075
            ],
            [
              91.25294364900003,
              22.96019571900007
            ],
            [
              91.26006874900008,
              22.958771479000063
            ],
            [
              91.26558122900008,
              22.960346576000063
            ],
            [
              91.26907691500008,
              22.96469013500007
            ],
            [
              91.28084342200003,
              22.966294666000067
            ],
            [
              91.27977629200007,
              22.96380085800007
            ],
            [
              91.28140769200007,
              22.96206539700006
            ],
            [
              91.28270474800007,
              22.953839756000036
            ],
            [
              91.29246753500007,
              22.956035434000057
            ],
            [
              91.29670311600006,
              22.95645302300005
            ],
            [
              91.29772783300007,
              22.95837352800004
            ],
            [
              91.30042496800007,
              22.957201557000076
            ],
            [
              91.30341406800005,
              22.958704546000035
            ],
            [
              91.30529743300008,
              22.95798287200006
            ],
            [
              91.30622862400008,
              22.951229483000077
            ],
            [
              91.31393394400004,
              22.954207909000047
            ]
          ]
        ]
      }
    },
    {
      "type": "Feature",
      "properties": {
        "shapeName": "Radhanagar",
        "shapeISO": "",
        "shapeID": "29066614B33918083150586",
        "shapeGroup": "BGD",
        "shapeType": "ADM4"
      },
      "geometry": {
        "type": "Polygon",
        "coordinates": [
          [
            [
              91.48862035300004,
              23.023414998000078
            ],
            [
              91.48479387300006,
              23.019592857000077
            ],
            [
              91.48410316600007,
              23.014931803000025
            ],
            [
              91.48643125900008,
              23.012418425000078
            ],
            [
              91.49131727600007,
              23.01251358500008
            ],
            [
              91.49230056800008,
              23.011046317000023
            ],
            [
              91.49073362000007,
              22.995243181000035
            ],
            [
              91.49542520700004,
              22.98842598500005
            ],
            [
              91.50061581200004,
              22.988081127000044
            ],
            [
              91.50189957000003,
              22.983706812000037
            ],
            [
              91.50687682500006,
              22.982943257000045
            ],
            [
              91.52062224900004,
              22.990217056000063
            ],
            [
              91.52939213400003,
              22.989377955000066
            ],
            [
              91.53040554900008,
              22.990850993000038
            ],
            [
              91.54070559300004,
              22.994142947000057
            ],
            [
              91.54273969700006,
              23.000655625000036
            ],
            [
              91.54813202900004,
              23.019393045000072
            ],
            [
              91.53863681700005,
              23.019774908000045
            ],
            [
              91.53728240100008,
              23.020800305000023
            ],
            [
              91.53204433600007,
              23.01774322500006
            ],
            [
              91.52996738800005,
              23.018069814000057
            ],
            [
              91.52560292400005,
              23.02369552300007
            ],
            [
              91.52345429000007,
              23.031815006000045
            ],
            [
              91.50765848300006,
              23.027840723000054
            ],
            [
              91.49755008400007,
              23.02716567400006
            ],
            [
              91.49714065300003,
              23.02410848900007
            ],
            [
              91.48862035300004,
              23.023414998000078
            ]
          ]
        ]
      }
    },
    {
      "type": "Feature",
      "properties": {
        "shapeName": "Rajapur",
        "shapeISO": "",
        "shapeID": "29066614B13124346546619",
        "shapeGroup": "BGD",
        "shapeType": "ADM4"
      },
      "geometry": {
        "type": "Polygon",
        "coordinates": [
          [
            [
              91.32571981000007,
              23.00895463200004
            ],
            [
              91.32335568800005,
              23.00877345200007
            ],
            [
              91.32259376300004,
              23.010182574000055
            ],
            [
              91.33256456600003,
              23.016195995000032
            ],
            [
              91.33394692300004,
              23.01847729600007
            ],
            [
              91.33308768700005,
              23.020775223000044
            ],
            [
              91.33083718000006,
              23.020634415000075
            ],
            [
              91.32663045300006,
              23.01720716400007
            ],
            [
              91.31812967100007,
              23.020815839000022
            ],
            [
              91.31661279700006,
              23.013574208000023
            ],
            [
              91.31255260100005,
              23.013824690000035
            ],
            [
              91.30781030100007,
              23.011703631000046
            ],
            [
              91.30522477300008,
              23.01342296100006
            ],
            [
              91.30586599700007,
              23.015861357000063
            ],
            [
              91.30045604700007,
              23.01622934900007
            ],
            [
              91.29547826500004,
              23.00674603400006
            ],
            [
              91.28053305500003,
              23.007286461000035
            ],
            [
              91.27882086800008,
              23.009240474000023
            ],
            [
              91.27885605800003,
              23.01290885000003
            ],
            [
              91.26902986900006,
              23.011529263000057
            ],
            [
              91.26185210900007,
              23.013540930000033
            ],
            [
              91.25869070400006,
              23.010972225000046
            ],
            [
              91.26003766800005,
              23.003604392000057
            ],
            [
              91.25917401500004,
              22.99135596700006
            ],
            [
              91.25745157100005,
              22.98714605400005
            ],
            [
              91.25874548900003,
              22.985513404000073
            ],
            [
              91.26682792200006,
              22.985340606000022
            ],
            [
              91.26741185200007,
              22.981794266000065
            ],
            [
              91.26962727000006,
              22.98073164400006
            ],
            [
              91.27153463500008,
              22.975420219000057
            ],
            [
              91.27878377300004,
              22.97370679000005
            ],
            [
              91.28559928300007,
              22.97438042700003
            ],
            [
              91.28760008300009,
              22.978233815000067
            ],
            [
              91.28543840400005,
              22.981283276000056
            ],
            [
              91.28523492000005,
              22.98632532000005
            ],
            [
              91.28675459800007,
              22.98719360000007
            ],
            [
              91.28530250800009,
              22.988570904000028
            ],
            [
              91.28593928500004,
              22.993617979000078
            ],
            [
              91.28864724400006,
              22.99607241600006
            ],
            [
              91.29607506100007,
              22.998616953000067
            ],
            [
              91.29345990800005,
              23.002657532000057
            ],
            [
              91.29598973800006,
              23.00583696500007
            ],
            [
              91.30096825300006,
              23.005667999000025
            ],
            [
              91.30061151200005,
              22.999558033000028
            ],
            [
              91.30586505600007,
              22.998592985000073
            ],
            [
              91.30954216000003,
              22.992238617000055
            ],
            [
              91.31325441500007,
              22.99529057700005
            ],
            [
              91.31747546000008,
              22.996215723000034
            ],
            [
              91.32210918600003,
              22.998688530000038
            ],
            [
              91.32002651300007,
              23.002600321000045
            ],
            [
              91.32571981000007,
              23.00895463200004
            ]
          ]
        ]
      }
    },
    {
      "type": "Feature",
      "properties": {
        "shapeName": "Ramnagar",
        "shapeISO": "",
        "shapeID": "29066614B15235146698874",
        "shapeGroup": "BGD",
        "shapeType": "ADM4"
      },
      "geometry": {
        "type": "Polygon",
        "coordinates": [
          [
            [
              91.26012557200005,
              22.929358703000048
            ],
            [
              91.26678996200008,
              22.93008467800007
            ],
            [
              91.27635409700008,
              22.928393594000056
            ],
            [
              91.27775583600004,
              22.932033515000057
            ],
            [
              91.28786317700008,
              22.93107403700003
            ],
            [
              91.28908033000005,
              22.93095295200004
            ],
            [
              91.28991183800008,
              22.92602037000006
            ],
            [
              91.29370894700008,
              22.925865285000043
            ],
            [
              91.29368629600003,
              22.929127148000077
            ],
            [
              91.30065606400007,
              22.941586243000074
            ],
            [
              91.29691976900006,
              22.942794931000037
            ],
            [
              91.29671661300006,
              22.945013939000034
            ],
            [
              91.29470164300005,
              22.944510491000074
            ],
            [
              91.29276412400009,
              22.949143321000065
            ],
            [
              91.29042872900004,
              22.94866501000007
            ],
            [
              91.29246753500007,
              22.956035434000057
            ],
            [
              91.28270474800007,
              22.953839756000036
            ],
            [
              91.28140769200007,
              22.96206539700006
            ],
            [
              91.27977629200007,
              22.96380085800007
            ],
            [
              91.28084342200003,
              22.966294666000067
            ],
            [
              91.26907691500008,
              22.96469013500007
            ],
            [
              91.26558122900008,
              22.960346576000063
            ],
            [
              91.26006874900008,
              22.958771479000063
            ],
            [
              91.26113635000007,
              22.952614996000023
            ],
            [
              91.25930123800003,
              22.94724252000003
            ],
            [
              91.26312453800006,
              22.94589796400004
            ],
            [
              91.26012557200005,
              22.929358703000048
            ]
          ]
        ]
      }
    },
    {
      "type": "Feature",
      "properties": {
        "shapeName": "Sanua",
        "shapeISO": "",
        "shapeID": "29066614B39208969166215",
        "shapeGroup": "BGD",
        "shapeType": "ADM4"
      },
      "geometry": {
        "type": "Polygon",
        "coordinates": [
          [
            [
              91.46805792700007,
              22.946983024000076
            ],
            [
              91.47019098300007,
              22.951874713000052
            ],
            [
              91.46992168500003,
              22.962656855000034
            ],
            [
              91.47256278300006,
              22.96455774700007
            ],
            [
              91.47524854000005,
              22.97466664500007
            ],
            [
              91.48498650700003,
              22.972488886000065
            ],
            [
              91.48627943700006,
              22.973377087000074
            ],
            [
              91.48507032500004,
              22.97647716800003
            ],
            [
              91.48280808800007,
              22.976874847000033
            ],
            [
              91.48460832900008,
              22.978327294000053
            ],
            [
              91.48452447200003,
              22.98616227200006
            ],
            [
              91.48008376200005,
              22.983094185000027
            ],
            [
              91.47455449400007,
              22.98272746600003
            ],
            [
              91.47002438900006,
              22.984719788000064
            ],
            [
              91.46628017000006,
              22.99011465700005
            ],
            [
              91.46388652100006,
              22.992601256000057
            ],
            [
              91.45747937200008,
              22.99097088600007
            ],
            [
              91.45790499800006,
              22.982400598000027
            ],
            [
              91.45461160400004,
              22.978524738000033
            ],
            [
              91.44644485700007,
              22.973481427000024
            ],
            [
              91.44303233000005,
              22.973376493000046
            ],
            [
              91.44233795800005,
              22.971364263000055
            ],
            [
              91.43907305900007,
              22.971667139000033
            ],
            [
              91.43796376500006,
              22.969668812000066
            ],
            [
              91.43412283400005,
              22.969048815000065
            ],
            [
              91.43136556500008,
              22.96499089300005
            ],
            [
              91.43362722900008,
              22.96563823200006
            ],
            [
              91.43958676600005,
              22.96284145900006
            ],
            [
              91.46107235600005,
              22.951735437000025
            ],
            [
              91.46755740100008,
              22.946857828000077
            ],
            [
              91.46805792700007,
              22.946983024000076
            ]
          ]
        ]
      }
    },
    {
      "type": "Feature",
      "properties": {
        "shapeName": "Sarishadi",
        "shapeISO": "",
        "shapeID": "29066614B65482488885175",
        "shapeGroup": "BGD",
        "shapeType": "ADM4"
      },
      "geometry": {
        "type": "Polygon",
        "coordinates": [
          [
            [
              91.31462926400008,
              23.04918286000003
            ],
            [
              91.31416080700006,
              23.043777829000078
            ],
            [
              91.31574693900006,
              23.038465789000043
            ],
            [
              91.32103924900008,
              23.034142859000042
            ],
            [
              91.32810115500007,
              23.034054939000043
            ],
            [
              91.33089330100006,
              23.035667355000044
            ],
            [
              91.34310227200007,
              23.033543309000038
            ],
            [
              91.34277817700007,
              23.035242899000025
            ],
            [
              91.34579939600007,
              23.03564397400004
            ],
            [
              91.34747800900004,
              23.03467570600003
            ],
            [
              91.34904330800003,
              23.029556611000032
            ],
            [
              91.35676133700008,
              23.027661125000066
            ],
            [
              91.35818267900004,
              23.032076166000024
            ],
            [
              91.36235555300004,
              23.033043934000034
            ],
            [
              91.36324552000008,
              23.03511750900003
            ],
            [
              91.36997145700008,
              23.03673364900004
            ],
            [
              91.36282975200004,
              23.055139261000022
            ],
            [
              91.37070563400005,
              23.057086352000056
            ],
            [
              91.37135810500007,
              23.061337423000055
            ],
            [
              91.36357679000008,
              23.059780743000033
            ],
            [
              91.36216806900006,
              23.06333782100006
            ],
            [
              91.37251127300004,
              23.066230465000046
            ],
            [
              91.37272861200006,
              23.068954468000072
            ],
            [
              91.37189803300004,
              23.069394405000025
            ],
            [
              91.36866136700007,
              23.06732620500003
            ],
            [
              91.35157722900004,
              23.06779670700007
            ],
            [
              91.34917797900005,
              23.066828803000078
            ],
            [
              91.34281178500004,
              23.06852172300006
            ],
            [
              91.33341410800006,
              23.063852870000062
            ],
            [
              91.33076612300005,
              23.066293442000074
            ],
            [
              91.32688126500005,
              23.062247142000047
            ],
            [
              91.31632717700006,
              23.05699704500006
            ],
            [
              91.31462926400008,
              23.04918286000003
            ]
          ]
        ]
      }
    },
    {
      "type": "Feature",
      "properties": {
        "shapeName": "Shubhapur",
        "shapeISO": "",
        "shapeID": "29066614B96771020446327",
        "shapeGroup": "BGD",
        "shapeType": "ADM4"
      },
      "geometry": {
        "type": "Polygon",
        "coordinates": [
          [
            [
              91.25570393100008,
              23.237615162000054
            ],
            [
              91.25496677100006,
              23.241220767000073
            ],
            [
              91.25807706000006,
              23.24621358400003
            ],
            [
              91.25678411800004,
              23.248527026000033
            ],
            [
              91.25872620100006,
              23.253739148000022
            ],
            [
              91.25745374900004,
              23.258958951000068
            ],
            [
              91.25860251100005,
              23.264379502000054
            ],
            [
              91.26192107700007,
              23.268121337000025
            ],
            [
              91.27530936100004,
              23.26906927300007
            ],
            [
              91.27565866200007,
              23.28322750600006
            ],
            [
              91.27360404800004,
              23.288723023000045
            ],
            [
              91.27058307400006,
              23.287840405000054
            ],
            [
              91.26263914500004,
              23.28920059400008
            ],
            [
              91.25369512900005,
              23.28519226700007
            ],
            [
              91.24856674100005,
              23.287774463000062
            ],
            [
              91.24775011100007,
              23.284602363000033
            ],
            [
              91.24051387100008,
              23.28571646100005
            ],
            [
              91.23844720200003,
              23.283928136000043
            ],
            [
              91.23706213600008,
              23.287785455000062
            ],
            [
              91.23125335900005,
              23.288993429000072
            ],
            [
              91.23148039800003,
              23.28530951500005
            ],
            [
              91.22009927000005,
              23.28182072900006
            ],
            [
              91.22010440700006,
              23.278494735000038
            ],
            [
              91.21542874700003,
              23.27627194300004
            ],
            [
              91.21143708600005,
              23.268251512000063
            ],
            [
              91.20902792400005,
              23.26831637400005
            ],
            [
              91.20833149700007,
              23.26385606300005
            ],
            [
              91.20952174100006,
              23.262577927000052
            ],
            [
              91.21556511500006,
              23.264970971000025
            ],
            [
              91.21879782700006,
              23.26457277800006
            ],
            [
              91.22051817300007,
              23.26160432100005
            ],
            [
              91.21814389400004,
              23.255946831000074
            ],
            [
              91.22181341200007,
              23.255438507000065
            ],
            [
              91.21256940200004,
              23.246587273000046
            ],
            [
              91.21085585500003,
              23.241579914000056
            ],
            [
              91.20824098400004,
              23.240184302000046
            ],
            [
              91.21122558400003,
              23.241055475000053
            ],
            [
              91.21991693400008,
              23.24884139900007
            ],
            [
              91.22288221800005,
              23.248369573000048
            ],
            [
              91.22335924400005,
              23.243738746000076
            ],
            [
              91.23074273200007,
              23.246182882000028
            ],
            [
              91.23025556600004,
              23.242221740000048
            ],
            [
              91.23499680800006,
              23.242518716000063
            ],
            [
              91.23692887200008,
              23.238530659000048
            ],
            [
              91.22946187000008,
              23.24000274200006
            ],
            [
              91.22634112500003,
              23.23814625700004
            ],
            [
              91.23370485100008,
              23.23441718400005
            ],
            [
              91.23665155800006,
              23.23621223500004
            ],
            [
              91.24001246200004,
              23.234037312000055
            ],
            [
              91.23925321100006,
              23.232516928000052
            ],
            [
              91.23259789900004,
              23.23094523800006
            ],
            [
              91.23499231600005,
              23.228224801000067
            ],
            [
              91.23895714200006,
              23.230021973000078
            ],
            [
              91.24254770100003,
              23.22872466000007
            ],
            [
              91.24365448000003,
              23.232548206000047
            ],
            [
              91.24777297000009,
              23.235736514000052
            ],
            [
              91.24943753100007,
              23.232984405000025
            ],
            [
              91.25262376700005,
              23.233069115000035
            ],
            [
              91.25570393100008,
              23.237615162000054
            ]
          ]
        ]
      }
    },
    {
      "type": "Feature",
      "properties": {
        "shapeName": "Sindurpur",
        "shapeISO": "",
        "shapeID": "29066614B70066012359366",
        "shapeGroup": "BGD",
        "shapeType": "ADM4"
      },
      "geometry": {
        "type": "Polygon",
        "coordinates": [
          [
            [
              91.29566334900005,
              23.05169503700006
            ],
            [
              91.29337241800005,
              23.05299406100005
            ],
            [
              91.28826142500003,
              23.051541582000027
            ],
            [
              91.28576466400006,
              23.054426704000036
            ],
            [
              91.28127318500003,
              23.05526644500003
            ],
            [
              91.28039057300003,
              23.058757080000078
            ],
            [
              91.27790647200004,
              23.060365666000052
            ],
            [
              91.27447700400006,
              23.059152037000047
            ],
            [
              91.27437281300007,
              23.055860750000022
            ],
            [
              91.27139126700007,
              23.053805725000075
            ],
            [
              91.27012764500006,
              23.05591975300007
            ],
            [
              91.26480981000003,
              23.053536756000028
            ],
            [
              91.25895213200005,
              23.054611459000057
            ],
            [
              91.25541991000006,
              23.042413671000077
            ],
            [
              91.25709209700005,
              23.037449181000056
            ],
            [
              91.26390752600008,
              23.034375941000064
            ],
            [
              91.26309555800003,
              23.031741144000023
            ],
            [
              91.25810739500008,
              23.031575978000035
            ],
            [
              91.26067094900009,
              23.030603264000035
            ],
            [
              91.26279809500005,
              23.02410022500004
            ],
            [
              91.26491202800008,
              23.022215420000066
            ],
            [
              91.26185210900007,
              23.013540930000033
            ],
            [
              91.26902986900006,
              23.011529263000057
            ],
            [
              91.27885605800003,
              23.01290885000003
            ],
            [
              91.27882086800008,
              23.009240474000023
            ],
            [
              91.28053305500003,
              23.007286461000035
            ],
            [
              91.29547826500004,
              23.00674603400006
            ],
            [
              91.30045604700007,
              23.01622934900007
            ],
            [
              91.30586599700007,
              23.015861357000063
            ],
            [
              91.31435660500006,
              23.019503734000068
            ],
            [
              91.31379401800007,
              23.02790519000007
            ],
            [
              91.31498453200004,
              23.029478692000055
            ],
            [
              91.32055684300008,
              23.030516099000067
            ],
            [
              91.32251560100008,
              23.032680354000036
            ],
            [
              91.32103924900008,
              23.034142859000042
            ],
            [
              91.31574693900006,
              23.038465789000043
            ],
            [
              91.31416080700006,
              23.043777829000078
            ],
            [
              91.31462926400008,
              23.04918286000003
            ],
            [
              91.30836648100006,
              23.049865908000072
            ],
            [
              91.30070435900006,
              23.048013811000033
            ],
            [
              91.29566334900005,
              23.05169503700006
            ]
          ]
        ]
      }
    },
    {
      "type": "Feature",
      "properties": {
        "shapeName": "Sonagazi",
        "shapeISO": "",
        "shapeID": "29066614B71253775003350",
        "shapeGroup": "BGD",
        "shapeType": "ADM4"
      },
      "geometry": {
        "type": "MultiPolygon",
        "coordinates": [
          [
            [
              [
                91.45030613400007,
                22.777722505000042
              ],
              [
                91.45122576200004,
                22.763140019000048
              ],
              [
                91.45436305500004,
                22.75689226800006
              ],
              [
                91.45382728300007,
                22.767397394000056
              ],
              [
                91.45030613400007,
                22.777722505000042
              ]
            ]
          ],
          [
            [
              [
                91.41385384900008,
                22.763298966000036
              ],
              [
                91.41960366200004,
                22.76125670400006
              ],
              [
                91.42412495700006,
                22.757389483000054
              ],
              [
                91.43015786200004,
                22.766556192000053
              ],
              [
                91.43028784500007,
                22.779029068000057
              ],
              [
                91.42160743000005,
                22.784411703000046
              ],
              [
                91.41959024800008,
                22.78744064600005
              ],
              [
                91.41938429000004,
                22.789951630000076
              ],
              [
                91.42347663000004,
                22.796869075000075
              ],
              [
                91.41344125200004,
                22.798463835000064
              ],
              [
                91.40754020800006,
                22.80360603400004
              ],
              [
                91.40532404800007,
                22.808424873000035
              ],
              [
                91.40094797200004,
                22.798120521000044
              ],
              [
                91.39925773500005,
                22.79256411600005
              ],
              [
                91.39699768400004,
                22.791536233000045
              ],
              [
                91.39673324700004,
                22.789722296000036
              ],
              [
                91.40198378700006,
                22.78223906000005
              ],
              [
                91.41184613800004,
                22.77717977700007
              ],
              [
                91.41385384900008,
                22.763298966000036
              ]
            ]
          ],
          [
            [
              [
                91.46197822100004,
                22.833369353000023
              ],
              [
                91.46568119600005,
                22.844143919000032
              ],
              [
                91.46554443000008,
                22.84831722200005
              ],
              [
                91.45995099400005,
                22.84564614800007
              ],
              [
                91.45395879700004,
                22.83494766900003
              ],
              [
                91.45214619300003,
                22.828153763000046
              ],
              [
                91.44895285000007,
                22.826032172000055
              ],
              [
                91.44187135900006,
                22.82661687600006
              ],
              [
                91.43970112600005,
                22.828768554000078
              ],
              [
                91.43829510500007,
                22.834803150000027
              ],
              [
                91.43144224900004,
                22.837732466000034
              ],
              [
                91.43056545400003,
                22.82784721300004
              ],
              [
                91.42612734900007,
                22.81756371000006
              ],
              [
                91.42280480200009,
                22.81408061700006
              ],
              [
                91.41730142900008,
                22.812839240000073
              ],
              [
                91.42201959100004,
                22.80548485500003
              ],
              [
                91.44733292500007,
                22.784520201000078
              ],
              [
                91.44331351900007,
                22.79444129500007
              ],
              [
                91.44307590700004,
                22.802231624000058
              ],
              [
                91.44569316400003,
                22.809253500000068
              ],
              [
                91.46057282000004,
                22.826421104000076
              ],
              [
                91.46197822100004,
                22.833369353000023
              ]
            ]
          ],
          [
            [
              [
                91.41720100100008,
                22.872326116000067
              ],
              [
                91.41127217800005,
                22.87435170300006
              ],
              [
                91.41009687300004,
                22.870438399000022
              ],
              [
                91.40607321800007,
                22.86995130400004
              ],
              [
                91.40266183400007,
                22.86691739300005
              ],
              [
                91.40335021800007,
                22.856720659000075
              ],
              [
                91.40652630400007,
                22.85615127600005
              ],
              [
                91.40798168800006,
                22.850320817000068
              ],
              [
                91.40969947300005,
                22.851108312000065
              ],
              [
                91.41032137700006,
                22.848454799000024
              ],
              [
                91.40443648000007,
                22.84713851500004
              ],
              [
                91.40292954800003,
                22.841842799000062
              ],
              [
                91.39894127100007,
                22.837762772000076
              ],
              [
                91.40602198900007,
                22.83642749200004
              ],
              [
                91.40899655500004,
                22.838571651000052
              ],
              [
                91.40987520200008,
                22.83684162700007
              ],
              [
                91.41206664100008,
                22.836508355000035
              ],
              [
                91.41445412800005,
                22.83169411700004
              ],
              [
                91.41333190700004,
                22.82510297400006
              ],
              [
                91.41017541900004,
                22.82271381100003
              ],
              [
                91.40932125300009,
                22.820720825000024
              ],
              [
                91.41054060700009,
                22.819327040000076
              ],
              [
                91.40707925700008,
                22.81344321800003
              ],
              [
                91.41284498100003,
                22.81940258800006
              ],
              [
                91.42314405400003,
                22.82440089800008
              ],
              [
                91.42363956700007,
                22.834863146000032
              ],
              [
                91.42832835700005,
                22.839480972000047
              ],
              [
                91.43536613000003,
                22.839417686000047
              ],
              [
                91.44120001200008,
                22.835207022000077
              ],
              [
                91.44221698000007,
                22.82896086200003
              ],
              [
                91.44587479300009,
                22.82749392100004
              ],
              [
                91.44935923500003,
                22.827892388000066
              ],
              [
                91.45623634700007,
                22.845465105000073
              ],
              [
                91.46432945800007,
                22.853670606000037
              ],
              [
                91.46340610400006,
                22.85765357400004
              ],
              [
                91.45964964600006,
                22.85683910100005
              ],
              [
                91.45905555000007,
                22.860012393000034
              ],
              [
                91.45468345800003,
                22.860934701000076
              ],
              [
                91.44656062700005,
                22.85981036900006
              ],
              [
                91.44625927900006,
                22.85798363200007
              ],
              [
                91.44375966500007,
                22.856554489000075
              ],
              [
                91.44249423600007,
                22.858945810000023
              ],
              [
                91.43979106700004,
                22.859238420000054
              ],
              [
                91.43100616300006,
                22.856294868000077
              ],
              [
                91.42933449900005,
                22.85952687200006
              ],
              [
                91.42505600100009,
                22.862494911000056
              ],
              [
                91.42100954500006,
                22.858155794000027
              ],
              [
                91.41619451000008,
                22.867083128000047
              ],
              [
                91.41329195700007,
                22.869440824000037
              ],
              [
                91.41720100100008,
                22.872326116000067
              ]
            ]
          ]
        ]
      }
    },
    {
      "type": "Feature",
      "properties": {
        "shapeName": "Sonagazi Paurashava",
        "shapeISO": "",
        "shapeID": "29066614B99562539597254",
        "shapeGroup": "BGD",
        "shapeType": "ADM4"
      },
      "geometry": {
        "type": "Polygon",
        "coordinates": [
          [
            [
              91.40094797200004,
              22.798120521000044
            ],
            [
              91.40532404800007,
              22.808424873000035
            ],
            [
              91.40707925700008,
              22.81344321800003
            ],
            [
              91.41054060700009,
              22.819327040000076
            ],
            [
              91.40932125300009,
              22.820720825000024
            ],
            [
              91.41017541900004,
              22.82271381100003
            ],
            [
              91.41333190700004,
              22.82510297400006
            ],
            [
              91.41445412800005,
              22.83169411700004
            ],
            [
              91.41206664100008,
              22.836508355000035
            ],
            [
              91.40987520200008,
              22.83684162700007
            ],
            [
              91.40899655500004,
              22.838571651000052
            ],
            [
              91.40602198900007,
              22.83642749200004
            ],
            [
              91.39894127100007,
              22.837762772000076
            ],
            [
              91.40292954800003,
              22.841842799000062
            ],
            [
              91.40443648000007,
              22.84713851500004
            ],
            [
              91.41032137700006,
              22.848454799000024
            ],
            [
              91.40969947300005,
              22.851108312000065
            ],
            [
              91.40798168800006,
              22.850320817000068
            ],
            [
              91.40652630400007,
              22.85615127600005
            ],
            [
              91.40335021800007,
              22.856720659000075
            ],
            [
              91.40266183400007,
              22.86691739300005
            ],
            [
              91.39429133100003,
              22.86265966700006
            ],
            [
              91.39221007900005,
              22.869787049000024
            ],
            [
              91.38595561300008,
              22.868206908000047
            ],
            [
              91.38523816600008,
              22.865937703000043
            ],
            [
              91.38226412500006,
              22.868026215000043
            ],
            [
              91.37674817900006,
              22.867962281000075
            ],
            [
              91.37047132800006,
              22.86005771600003
            ],
            [
              91.36454247700004,
              22.857469665000053
            ],
            [
              91.36061943300007,
              22.852843927000038
            ],
            [
              91.34953656300007,
              22.84656851400007
            ],
            [
              91.34503746600006,
              22.840816545000052
            ],
            [
              91.34045228300005,
              22.829780888000073
            ],
            [
              91.34354233100004,
              22.826370686000075
            ],
            [
              91.34637935900008,
              22.83000355100006
            ],
            [
              91.35163904100006,
              22.831033244000025
            ],
            [
              91.35451574900009,
              22.82824503200004
            ],
            [
              91.35363974100005,
              22.82686099400007
            ],
            [
              91.35805699500008,
              22.825299823000023
            ],
            [
              91.36032332000008,
              22.822515871000064
            ],
            [
              91.37137801300008,
              22.82321619000004
            ],
            [
              91.38009783400008,
              22.820090943000025
            ],
            [
              91.37327917500005,
              22.816597777000027
            ],
            [
              91.38051718700007,
              22.812700638000024
            ],
            [
              91.38612707000004,
              22.80463671900003
            ],
            [
              91.39009535500008,
              22.804662848000078
            ],
            [
              91.39715521500005,
              22.802094510000074
            ],
            [
              91.40094797200004,
              22.798120521000044
            ]
          ]
        ]
      }
    },
    {
      "type": "Feature",
      "properties": {
        "shapeName": "Yakubpur",
        "shapeISO": "",
        "shapeID": "29066614B97058955494247",
        "shapeGroup": "BGD",
        "shapeType": "ADM4"
      },
      "geometry": {
        "type": "Polygon",
        "coordinates": [
          [
            [
              91.24693014700006,
              22.901430022000056
            ],
            [
              91.24824829200008,
              22.89399074100004
            ],
            [
              91.25150714600005,
              22.891902966000032
            ],
            [
              91.25355641000004,
              22.894183802000043
            ],
            [
              91.25730903700008,
              22.88961947100006
            ],
            [
              91.25835241800007,
              22.890973936000023
            ],
            [
              91.25866767400004,
              22.887500849000048
            ],
            [
              91.26125454800007,
              22.885846100000037
            ],
            [
              91.26106156700007,
              22.88276316200006
            ],
            [
              91.26264969400006,
              22.88406247300003
            ],
            [
              91.26557209200007,
              22.88154750500007
            ],
            [
              91.26606574800007,
              22.886755665000067
            ],
            [
              91.26912315700008,
              22.891553862000023
            ],
            [
              91.27485800200003,
              22.89060814800007
            ],
            [
              91.27559540600004,
              22.89271291700004
            ],
            [
              91.27743136400005,
              22.89299284200007
            ],
            [
              91.27634696000007,
              22.899388355000042
            ],
            [
              91.28662804900006,
              22.896884298000032
            ],
            [
              91.29026198300005,
              22.894185306000054
            ],
            [
              91.29764433300005,
              22.895617182000024
            ],
            [
              91.29425516500004,
              22.90688911500007
            ],
            [
              91.29566325800005,
              22.910789625000064
            ],
            [
              91.29277100500008,
              22.91044513500003
            ],
            [
              91.28887868200007,
              22.912858958000072
            ],
            [
              91.28898761100004,
              22.915098579000073
            ],
            [
              91.28745743600007,
              22.914838901000053
            ],
            [
              91.28327443400008,
              22.92303544600003
            ],
            [
              91.28703132300006,
              22.926564779000046
            ],
            [
              91.28786317700008,
              22.93107403700003
            ],
            [
              91.27775583600004,
              22.932033515000057
            ],
            [
              91.27635409700008,
              22.928393594000056
            ],
            [
              91.26678996200008,
              22.93008467800007
            ],
            [
              91.26012557200005,
              22.929358703000048
            ],
            [
              91.25874160400008,
              22.918551507000075
            ],
            [
              91.26007530300006,
              22.909819884000058
            ],
            [
              91.25614946200005,
              22.908330196000065
            ],
            [
              91.25384482300007,
              22.903951457000062
            ],
            [
              91.24951102400007,
              22.906325480000078
            ],
            [
              91.24813192100004,
              22.904379173000052
            ],
            [
              91.25008932300005,
              22.902406636000023
            ],
            [
              91.24693014700006,
              22.901430022000056
            ]
          ]
        ]
      }
    }
  ]
}